ILI,definition,lemma_names,sentiment_SWN,sentiment_lexicon,sentiment_sa,sentiment_sa_positive,sentiment_sa_negative,ollama_positive_value,ollama_positive_explanation,ollama_positive_raw,ollama_negative_value,ollama_negative_explanation,ollama_negative_raw,ollama_model
ENG30-01569181-v,Uskratiti kiseonik i sprečiti disanje.,"['udaviti', 'zadaviti']","(0.0, 0.0)",negative,Negativan,Nije pozitivan,veoma negativan,nije pozitivan,"Tekst opisuje opasno i štetno ponašanje, što ukazuje na negativan sentiment.","{""value"": ""nije pozitivan"", ""explanation"": ""Tekst opisuje opasno i štetno ponašanje, što ukazuje na negativan sentiment.""}",ekstremno negativan,"Tekst opisuje ekstremno štetno i opasno ponašanje, što odgovara donjoj granici negativne SWN polarizacije.","{""value"": ""ekstremno negativan"", ""explanation"": ""Tekst opisuje ekstremno štetno i opasno ponašanje, što odgovara donjoj granici negativne SWN polarizacije.""}",mistral-small3.2:latest
ENG30-01989562-v,uzrokovati da šta pukne,"['razbijati', 'razbiti']","(0.0, 0.0)",negative,Negativan,Nije pozitivan,veoma negativan,nije pozitivan,"Rek 'uzrokovati da šta pukne' ima negativnu konotaciju, jer se odnosi na destruktivne ili nepoželjne posledice.","{""value"": ""nije pozitivan"", ""explanation"": ""Rek 'uzrokovati da šta pukne' ima negativnu konotaciju, jer se odnosi na destruktivne ili nepoželjne posledice.""}",nije negativan,Tekst 'uzrokovati da šta pukne' je neutralan i ne sadrži izražene negativne emocije ili kritike.,"{""value"": ""nije negativan"", ""explanation"": ""Tekst 'uzrokovati da šta pukne' je neutralan i ne sadrži izražene negativne emocije ili kritike.""}",mistral-small3.2:latest
ENG30-01099592-v,nemati uspeha u postizanju pobede,"['gubiti', 'izgubiti']","(0.0, 0.0)",negative,Negativan,Nijedan    O,veoma negativan,nije pozitivan,"Tekst izražava nedostatak uspjeha ili pobjede, što je neutralno ili negativno, ali ne i izričito negativno.","{""value"": ""nije pozitivan"", ""explanation"": ""Tekst izražava nedostatak uspjeha ili pobjede, što je neutralno ili negativno, ali ne i izričito negativno.""}",negativan,"Tekst izražava neuspeh u postizanju pobede, što je jasno negativan sentiment.","{""value"": ""negativan"", ""explanation"": ""Tekst izražava neuspeh u postizanju pobede, što je jasno negativan sentiment.""}",mistral-small3.2:latest
ENG30-00953559-n,Neprijateljski susret suprotstavljenih vojnih snaga u toku rata.,"['bitka', 'boj', 'borba']","(0.0, 0.0)",negative,Negativan,Nije pozitivan,veoma negativan,nije pozitivan,"Tekst opisuje neprijateljski susret suprotstavljenih vojnih snaga u toku rata, što ima negativnu konotaciju usled nasilja i sukoba.","{""value"": ""nije pozitivan"", ""explanation"": ""Tekst opisuje neprijateljski susret suprotstavljenih vojnih snaga u toku rata, što ima negativnu konotaciju usled nasilja i sukoba.""}",nije negativan,"Tekst opisuje neutralnu situaciju bez izražene negativne konotacije, iako se odnosi na rat.","{""value"": ""nije negativan"", ""explanation"": ""Tekst opisuje neutralnu situaciju bez izražene negativne konotacije, iako se odnosi na rat.""}",mistral-small3.2:latest
ENG30-03600806-n,listovi marihuana uvaljane u cigaretu za pušenje,"['cigara', 'cigareta', 'džoint']","(0.0, 0.0)",negative,Negativan,Nije pozitivan,Nije negativan,nije pozitivan,"Tekst opisuje upotrebu marihuane, što je u mnogim kontekstima negativno ili zabranjeno, pa stoga ne može biti klasifikovan kao pozitivan.","{""value"": ""nije pozitivan"", ""explanation"": ""Tekst opisuje upotrebu marihuane, što je u mnogim kontekstima negativno ili zabranjeno, pa stoga ne može biti klasifikovan kao pozitivan.""}",ekstremno negativan,"Tekst opisuje ilegalnu aktivnost koja je u mnogim zemljama zabranjena i kažnjiva po zakonu, što ga svrstava u najnižu kategoriju negativne SWN polarizacije.","{""value"": ""ekstremno negativan"", ""explanation"": ""Tekst opisuje ilegalnu aktivnost koja je u mnogim zemljama zabranjena i kažnjiva po zakonu, što ga svrstava u najnižu kategoriju negativne SWN polarizacije.""}",mistral-small3.2:latest
ENG30-01220336-n,oštar napad na čiju ličnost ili dobro ime,"['kleveta', 'klevetanje', 'omalovažavanje']","(0.0, 0.0)",negative,Negativan,Nije pozitivan,ekstremno negativan,nije pozitivan,"Tekst 'oštar napad na čiju ličnost ili dobro ime' sadrži negativne konotacije, što ukazuje na kritiku ili agresiju, pa stoga ne može biti klasifikovan kao pozitivan.","{""value"": ""nije pozitivan"", ""explanation"": ""Tekst 'oštar napad na čiju ličnost ili dobro ime' sadrži negativne konotacije, što ukazuje na kritiku ili agresiju, pa stoga ne može biti klasifikovan kao pozitivan.""}",veoma negativan,"Izraz 'oštar napad na čiju ličnost ili dobro ime' jasno ukazuje na jak negativan sentiment, jer se odnosi na agresivno i štetno ponašanje prema nekoj osobi.","{""value"": ""veoma negativan"", ""explanation"": ""Izraz 'oštar napad na čiju ličnost ili dobro ime' jasno ukazuje na jak negativan sentiment, jer se odnosi na agresivno i štetno ponašanje prema nekoj osobi.""}",mistral-small3.2:latest
ENG30-01468576-v,Naterati na odlazak sa nekog mesta.,"['izbaciti', 'isključiti', 'isključivati', 'isterati']","(0.0, 0.0)",negative,Negativan,Nijedan    O,Nije negativan,nije pozitivan,"Izraz 'naterati na odlazak' ima negativnu konotaciju, jer sugeriše prisiljavanje ili nevoljno napuštanje mesta.","{""value"": ""nije pozitivan"", ""explanation"": ""Izraz 'naterati na odlazak' ima negativnu konotaciju, jer sugeriše prisiljavanje ili nevoljno napuštanje mesta.""}",slabo negativan,"Izraz 'naterati na odlazak' ima negativnu konotaciju, ali nije ekstremno negativan jer ne uključuje izrazitu mržnju ili ekstremno destruktivno ponašanje.","{""value"": ""slabo negativan"", ""explanation"": ""Izraz 'naterati na odlazak' ima negativnu konotaciju, ali nije ekstremno negativan jer ne uključuje izrazitu mržnju ili ekstremno destruktivno ponašanje.""}",mistral-small3.2:latest
ENG30-02585489-v,izazvati patnju,"['progoniti', 'ugnjetavati']","(0.0, 0.0)",negative,Negativan,Nije pozitivan,veoma negativan,nije pozitivan,"Reč 'izazvati patnju' ima negativnu konotaciju, što ukazuje na nepoželjno stanje ili emociju.","{""value"": ""nije pozitivan"", ""explanation"": ""Reč 'izazvati patnju' ima negativnu konotaciju, što ukazuje na nepoželjno stanje ili emociju.""}",ekstremno negativan,"Reč 'izazvati patnju' ima jako negativnu konotaciju, što odgovara donjoj granici negativne SWN polarizacije.","{""value"": ""ekstremno negativan"", ""explanation"": ""Reč 'izazvati patnju' ima jako negativnu konotaciju, što odgovara donjoj granici negativne SWN polarizacije.""}",mistral-small3.2:latest
ENG30-06720371-n,napad koji se sastoji od lažne i zlonamerne publikacije koja je odštampana da bi se živa osoba oklevetala,['kleveta'],"(0.0, 0.0)",negative,Negativan,Nije pozitivan,veoma negativan,nije pozitivan,"Tekst opisuje negativnu radnju (napad, lažna i zlonamerna publikacija, oklevetanje), što jasno ukazuje na negativan sentiment.","{""value"": ""nije pozitivan"", ""explanation"": ""Tekst opisuje negativnu radnju (napad, lažna i zlonamerna publikacija, oklevetanje), što jasno ukazuje na negativan sentiment.""}",ekstremno negativan,"Tekst opisuje napad lažnim i zlonamernim publikacijama, što je izrazito negativno i štetno za živu osobu.","{""value"": ""ekstremno negativan"", ""explanation"": ""Tekst opisuje napad lažnim i zlonamernim publikacijama, što je izrazito negativno i štetno za živu osobu.""}",mistral-small3.2:latest
ENG30-00200863-v,izbaciti ili eliminisati (ukloniti),"['izbaciti iz teksta', 'brisati']","(0.0, 0.0)",negative,Negativan,Nije pozitivan,nije negativan,nije pozitivan,"Reč 'izbaciti ili eliminisati (ukloniti)' ima neutralan ili negativan konotacioni nijansu, jer se odnosi na uklanjanje ili uklanjanje nečega, što nije izričito pozitivno.","{""value"": ""nije pozitivan"", ""explanation"": ""Reč 'izbaciti ili eliminisati (ukloniti)' ima neutralan ili negativan konotacioni nijansu, jer se odnosi na uklanjanje ili uklanjanje nečega, što nije izričito pozitivno.""}",nije negativan,Primer je granični kalibracioni slučaj za SWN POS/NEG skalu.,"{""value"": ""nije negativan"", ""explanation"": ""Primer je granični kalibracioni slučaj za SWN POS/NEG skalu.""}",mistral-small3.2:latest
ENG30-00824767-v,grditi strogo ili ljutito,"['grditi', 'izgrditi', 'koriti', 'kritikovati', 'prekoravati', 'prekoriti']","(0.0, 0.0)",negative,Negativan,Nije pozitivan,umjereno negativan,nije pozitivan,"Rek 'grditi strogo ili ljutito' ima jasno negativno značenje, što ukazuje na izraženu nelagodu ili negativne emocije.","{""value"": ""nije pozitivan"", ""explanation"": ""Rek 'grditi strogo ili ljutito' ima jasno negativno značenje, što ukazuje na izraženu nelagodu ili negativne emocije.""}",veoma negativan,"Izraz 'grditi strogo ili ljutito' nosi jak negativan ton, što ukazuje na izraženu ljutnju ili nezadovoljstvo, ali ne i na ekstremno negativan sentiment.","{""value"": ""veoma negativan"", ""explanation"": ""Izraz 'grditi strogo ili ljutito' nosi jak negativan ton, što ukazuje na izraženu ljutnju ili nezadovoljstvo, ali ne i na ekstremno negativan sentiment.""}",mistral-small3.2:latest
ENG30-07157273-n,karakteristični jezik određene grupe (kao lopova),"['sleng', 'žargon']","(0.0, 0.0)",negative,Negativan,Nije pozitivan,nije negativan,nije pozitivan,"Tekst opisuje negativnu karakteristiku (grupu lopova), što ukazuje na negativan sentiment.","{""value"": ""nije pozitivan"", ""explanation"": ""Tekst opisuje negativnu karakteristiku (grupu lopova), što ukazuje na negativan sentiment.""}",nije negativan,"Tekst opisuje karakteristike jezika određene grupe, bez izražavanja negativnih osećaja ili sudova.","{""value"": ""nije negativan"", ""explanation"": ""Tekst opisuje karakteristike jezika određene grupe, bez izražavanja negativnih osećaja ili sudova.""}",mistral-small3.2:latest
ENG30-01623268-a,ocigledno i dosadno,"['banalan', 'trivijalan']","(0.0, 0.0)",negative,Negativan,Nije pozitivan,veoma negativan,nije pozitivan,"Tekst 'ocigledno i dosadno' sadrži negativne konotacije, što ukazuje na nedostatak pozitivnih osećaja.","{""value"": ""nije pozitivan"", ""explanation"": ""Tekst 'ocigledno i dosadno' sadrži negativne konotacije, što ukazuje na nedostatak pozitivnih osećaja.""}",slabo negativan,"Tekst 'ocigledno i dosadno' sadrži reč 'dosadno' koja ima negativnu konotaciju, ali nije ekstremno negativna.","{""value"": ""slabo negativan"", ""explanation"": ""Tekst 'ocigledno i dosadno' sadrži reč 'dosadno' koja ima negativnu konotaciju, ali nije ekstremno negativna.""}",mistral-small3.2:latest
ENG30-00421002-a,zamrljan prljavštinom i čađi,"['čađav', 'crn', 'prašnjav', 'prljav', 'uprašnjavljen', 'uprljan', 'zaprljan']","(0.0, 0.0)",negative,Negativan,Nije pozitivan,veoma negativan,nije pozitivan,"Tekst opisuje neugodne i negativne kvalitete, što ukazuje na nedostatak pozitivnog sentimenta.","{""value"": ""nije pozitivan"", ""explanation"": ""Tekst opisuje neugodne i negativne kvalitete, što ukazuje na nedostatak pozitivnog sentimenta.""}",veoma negativan,Tekst opisuje neugodne i nepoželjne kvalitete (prljavština i čađ) što ukazuje na jak negativan sentiment.,"{""value"": ""veoma negativan"", ""explanation"": ""Tekst opisuje neugodne i nepoželjne kvalitete (prljavština i čađ) što ukazuje na jak negativan sentiment.""}",mistral-small3.2:latest
ENG30-01234345-n,nemogućnost prisustva,['odsustvo'],"(0.0, 0.0)",negative,Negativan,Nijedan    O,nije negativan,nije pozitivan,"Riječ 'nemogućnost' ima negativnu konotaciju, jer označava odsustvo mogućnosti ili ograničenje, što ne pripada kategorijama pozitivnog sentimenta.","{""value"": ""nije pozitivan"", ""explanation"": ""Riječ 'nemogućnost' ima negativnu konotaciju, jer označava odsustvo mogućnosti ili ograničenje, što ne pripada kategorijama pozitivnog sentimenta.""}",nije negativan,Termin 'nemogućnost prisustva' je neutralan i ne nosi izraženu negativnu konotaciju.,"{""value"": ""nije negativan"", ""explanation"": ""Termin 'nemogućnost prisustva' je neutralan i ne nosi izraženu negativnu konotaciju.""}",mistral-small3.2:latest
ENG30-00058743-n,Čin fizičkog bežanja.,"['beg', 'bekstvo']","(0.0, 0.0)",negative,Negativan,Nije pozitivan,Nije negativan,nije pozitivan,"Tekst opisuje čin fizičkog bežanja, što može imati neutralan ili negativan konotacijon kontekstu, ali ne sadrži izrazito pozitivne elemente.","{""value"": ""nije pozitivan"", ""explanation"": ""Tekst opisuje čin fizičkog bežanja, što može imati neutralan ili negativan konotacijon kontekstu, ali ne sadrži izrazito pozitivne elemente.""}",nije negativan,Tekst opisuje neutralnu akciju bez izražene negativne konotacije.,"{""value"": ""nije negativan"", ""explanation"": ""Tekst opisuje neutralnu akciju bez izražene negativne konotacije.""}",mistral-small3.2:latest
ENG30-07436475-n,"Emisija rastopljenog stenskog materijala, pepela i gasova na različite načine, ali pretežno eksplozivnom aktivnošću.","['vulkanska erupcija', 'erupcija']","(0.0, 0.0)",negative,Negativan,Nije pozitivan,Nije negativan,nije pozitivan,"Tekst opisuje destruktivne i opasne procese (emisija rastopljenog materijala, pepela i gasova) bez ikakvih pozitivnih konotacija.","{""value"": ""nije pozitivan"", ""explanation"": ""Tekst opisuje destruktivne i opasne procese (emisija rastopljenog materijala, pepela i gasova) bez ikakvih pozitivnih konotacija.""}",nije negativan,Tekst opisuje prirodni fenomen bez izražene negativne konotacije.,"{""value"": ""nije negativan"", ""explanation"": ""Tekst opisuje prirodni fenomen bez izražene negativne konotacije.""}",mistral-small3.2:latest
ENG30-05207130-n,nemati snagu da se šta izvede,"['nemoć', 'nesposobnost', 'slabost']","(0.0, 0.0)",negative,Negativan,Nijedan    O,veoma negativan,nije pozitivan,"Tekst izražava nedostatak snage i sposobnosti, što ukazuje na negativan sentiment.","{""value"": ""nije pozitivan"", ""explanation"": ""Tekst izražava nedostatak snage i sposobnosti, što ukazuje na negativan sentiment.""}",nije negativan,"Tekst 'nemati snagu da se šta izvede' opisuje stanja kao što su nemoć ili nemogućnost, što nije nužno negativno, već neutralno ili blago negativno.","{""value"": ""nije negativan"", ""explanation"": ""Tekst 'nemati snagu da se šta izvede' opisuje stanja kao što su nemoć ili nemogućnost, što nije nužno negativno, već neutralno ili blago negativno.""}",mistral-small3.2:latest
ENG30-02505358-v,"prisiliti ili privoleti ili neprestano terati ili prisiljujući pritisak vršiti, ili snažno motivisati","['motivisati', 'naterati', 'podstaći', 'podstaknuti', 'podsticati', 'primorati', 'primoravati', 'prinuditi', 'privoleti', 'privoljavati']","(0.0, 0.0)",negative,Negativan,Nije pozitivan,veoma negativan,nije pozitivan,"Tekst sadrži negativne izraze kao što su 'prisiliti', 'privoleti', 'terati', 'pritisak' koji ukazuju na prisiljavanje ili negativno ponašanje, što ga svrstava u kategoriju 'nije pozitivan'.","{""value"": ""nije pozitivan"", ""explanation"": ""Tekst sadrži negativne izraze kao što su 'prisiliti', 'privoleti', 'terati', 'pritisak' koji ukazuju na prisiljavanje ili negativno ponašanje, što ga svrstava u kategoriju 'nije pozitivan'.""}",ekstremno negativan,"Tekst sadrži izrazito negativne izraze kao što su 'prisiliti', 'privoleti', 'terati', 'pritisak' i 'snažno motivisati', koji ukazuju na prisiljavanje i negativno ponašanje.","{""value"": ""ekstremno negativan"", ""explanation"": ""Tekst sadrži izrazito negativne izraze kao što su 'prisiliti', 'privoleti', 'terati', 'pritisak' i 'snažno motivisati', koji ukazuju na prisiljavanje i negativno ponašanje.""}",mistral-small3.2:latest
ENG30-01215137-v,"Staviti u pritvor, kao osumnjičene kriminalce; o policiji.","['uhapsiti', 'zatvoriti', 'skembati']","(0.0, 0.0)",negative,Negativan,Nije pozitivan,Umjereno negativan,nije pozitivan,"Tekst ima negativan ton, jer se odnosi na stavljanje u pritvor i osumnjičenje za kriminal, što su negativne konotacije.","{""value"": ""nije pozitivan"", ""explanation"": ""Tekst ima negativan ton, jer se odnosi na stavljanje u pritvor i osumnjičenje za kriminal, što su negativne konotacije.""}",negativan,"Tekst izražava negativne konotacije vezane za stavljanje u pritvor i usporedbu sa kriminalcima, što ukazuje na negativan sentiment.","{""value"": ""negativan"", ""explanation"": ""Tekst izražava negativne konotacije vezane za stavljanje u pritvor i usporedbu sa kriminalcima, što ukazuje na negativan sentiment.""}",mistral-small3.2:latest
ENG30-00613683-v,"ostaviti nešto za sobom, bilo namerno bilo nemarom ili zaboravnošću","['napuštati', 'napustiti', 'ostaviti', 'ostavljati', 'zaboraviti', 'zaboravljati']","(0.0, 0.0)",negative,Negativan,Nije pozitivan,Umereno negativan,nije pozitivan,"Tekst 'ostaviti nešto za sobom, bilo namerno bilo nemarom ili zaboravnošću' ima neutralan do negativan ton, jer se odnosi na nedostatak ili gubitak, što ne ukazuje na pozitivne emocije ili kvalitete.","{""value"": ""nije pozitivan"", ""explanation"": ""Tekst 'ostaviti nešto za sobom, bilo namerno bilo nemarom ili zaboravnošću' ima neutralan do negativan ton, jer se odnosi na nedostatak ili gubitak, što ne ukazuje na pozitivne emocije ili kvalitete.""}",nije negativan,"Tekst 'ostaviti nešto za sobom, bilo namerno bilo nemarom ili zaboravnošću' ne sadrži izrazito negativne emocije, već opisuje neutralno stanje ili činjenicu.","{""value"": ""nije negativan"", ""explanation"": ""Tekst 'ostaviti nešto za sobom, bilo namerno bilo nemarom ili zaboravnošću' ne sadrži izrazito negativne emocije, već opisuje neutralno stanje ili činjenicu.""}",mistral-small3.2:latest
ENG30-02574205-v,Napraviti nekog žrtvom prevare.,"['prevariti', 'obmanuti']","(0.0, 0.0)",negative,Negativan,Nijedan    O,veoma negativan,nije pozitivan,"Tekst opisuje negativnu situaciju u kojoj neko postaje žrtvom prevare, što ukazuje na negativan sentiment.","{""value"": ""nije pozitivan"", ""explanation"": ""Tekst opisuje negativnu situaciju u kojoj neko postaje žrtvom prevare, što ukazuje na negativan sentiment.""}",veoma negativan,"Tekst opisuje situaciju u kojoj neko postaje žrtvom prevare, što je jasno negativan događaj sa jakim negativnim sentimentom.","{""value"": ""veoma negativan"", ""explanation"": ""Tekst opisuje situaciju u kojoj neko postaje žrtvom prevare, što je jasno negativan događaj sa jakim negativnim sentimentom.""}",mistral-small3.2:latest
BILI-00000941,"Glasno izražavati žalost, zapevati, tužiti.",['naricati'],"(0.0, 0.0)",negative,Negativan,Nije    Ova iz,Nije negativan,nije pozitivan,"Tekst opisuje izražavanje negativnih emocija kao što su žalost i tužba, što ukazuje na negativan sentiment.","{""value"": ""nije pozitivan"", ""explanation"": ""Tekst opisuje izražavanje negativnih emocija kao što su žalost i tužba, što ukazuje na negativan sentiment.""}",negativan,"Tekst opisuje izražavanje žalosti i tuge, što ukazuje na negativan sentiment.","{""value"": ""negativan"", ""explanation"": ""Tekst opisuje izražavanje žalosti i tuge, što ukazuje na negativan sentiment.""}",mistral-small3.2:latest
ENG30-14440623-n,nisko stanje sklono padu naniže,"['degradacija', 'dekadencija', 'opadanje', 'poniženje', 'propadanje', 'unižavanje']","(0.0, 0.0)",negative,Negativan,Nijedan    O,nije negativan,nije pozitivan,"Tekst opisuje negativno stanje, što ukazuje na odsustvo pozitivnih osećaja.","{""value"": ""nije pozitivan"", ""explanation"": ""Tekst opisuje negativno stanje, što ukazuje na odsustvo pozitivnih osećaja.""}",slabo negativan,"Tekst 'nisko stanje sklono padu naniže' ima negativnu konotaciju, ali ne i ekstremno negativnu, jer opisuje stanje bez jače emocije ili oštre kritike.","{""value"": ""slabo negativan"", ""explanation"": ""Tekst 'nisko stanje sklono padu naniže' ima negativnu konotaciju, ali ne i ekstremno negativnu, jer opisuje stanje bez jače emocije ili oštre kritike.""}",mistral-small3.2:latest
ENG30-00095121-n,čin okajanja greha ili nepravde (naročito putem umirivanja božanstva),['pokajanje'],"(0.0, 0.0)",negative,Negativan,Nije pozitivan,Nije negativan,nije pozitivan,"Termin 'čin okajanja greha ili nepravde' ima neutralan do negativan konotacijski nijansu, jer se odnosi na iskupljenje ili ispravljanje grešaka, što nije izričito pozitivno.","{""value"": ""nije pozitivan"", ""explanation"": ""Termin 'čin okajanja greha ili nepravde' ima neutralan do negativan konotacijski nijansu, jer se odnosi na iskupljenje ili ispravljanje grešaka, što nije izričito pozitivno.""}",nije negativan,"Termin 'čin okajanja greha ili nepravde' ima neutralan do blago pozitivan konotacijski nijansu, jer se odnosi na moralno i duhovno ispravljanje, a ne na izražavanje negativnih emocija ili stavova.","{""value"": ""nije negativan"", ""explanation"": ""Termin 'čin okajanja greha ili nepravde' ima neutralan do blago pozitivan konotacijski nijansu, jer se odnosi na moralno i duhovno ispravljanje, a ne na izražavanje negativnih emocija ili stavova.""}",mistral-small3.2:latest
ENG30-02226429-n,"Insekt koji živi na zemlji, ima snažne zadnje noge pomoću kojih može daleko da skoči, hrani se biljkama i često je velika štetovyina.",['skakavac'],"(0.0, 0.0)",negative,Objektivan,Nije pozitivan,Nije negativan,nije pozitivan,"Tekst opisuje insekt kao štetnu vrstu koja se hrani biljkama, što ukazuje na negativan sentiment.","{""value"": ""nije pozitivan"", ""explanation"": ""Tekst opisuje insekt kao štetnu vrstu koja se hrani biljkama, što ukazuje na negativan sentiment.""}",nije negativan,"Tekst opisuje insekt na neutralan način, bez izražene negativne konotacije, unatoč pomenu da može biti štetovin.","{""value"": ""nije negativan"", ""explanation"": ""Tekst opisuje insekt na neutralan način, bez izražene negativne konotacije, unatoč pomenu da može biti štetovin.""}",mistral-small3.2:latest
ENG30-09426788-n,Deo okeana ili velikog prostranstva slane vode koji je delimično zatvoren kopnom,['more'],"(0.0, 0.0)",positive,Objektivan,Nije pozitivan,Nije negativan,nije pozitivan,Tekst opisuje geografski fenomen bez izražene pozitivne ili negativne konotacije.,"{""value"": ""nije pozitivan"", ""explanation"": ""Tekst opisuje geografski fenomen bez izražene pozitivne ili negativne konotacije.""}",nije negativan,Tekst opisuje geografski fenomen bez izražene negativne konotacije.,"{""value"": ""nije negativan"", ""explanation"": ""Tekst opisuje geografski fenomen bez izražene negativne konotacije.""}",mistral-small3.2:latest
ENG30-12345280-n,Žbun ili malo drvo poreklom iz jugozapadne Azije; ima veliki plod sa mnogo semenki.,"['nar', 'šipak', 'granata', 'mogranj', 'Punica granatum']","(0.0, 0.0)",negative,Objektivan,Nije pozitivan,Nije negativan,nije pozitivan,Tekst opisuje biljku bez izražavanja pozitivnih ili negativnih emocija ili stavova.,"{""value"": ""nije pozitivan"", ""explanation"": ""Tekst opisuje biljku bez izražavanja pozitivnih ili negativnih emocija ili stavova.""}",nije negativan,"Tekst opisuje biljku bez izražene negativne konotacije, pa se klasifikuje kao 'nije negativan'.","{""value"": ""nije negativan"", ""explanation"": ""Tekst opisuje biljku bez izražene negativne konotacije, pa se klasifikuje kao 'nije negativan'.""}",mistral-small3.2:latest
ENG30-02180898-v,Proizvoditi zvonak zvuk.,['zvoniti'],"(0.0, 0.0)",negative,Objektivan,Nije pozitivan,Nije negativan,nije pozitivan,"Tekst 'Proizvoditi zvonak zvuk' je neutralan i ne sadrži izražene pozitivne ili negativne emocije, pa se klasifikuje kao 'nije pozitivan'.","{""value"": ""nije pozitivan"", ""explanation"": ""Tekst 'Proizvoditi zvonak zvuk' je neutralan i ne sadrži izražene pozitivne ili negativne emocije, pa se klasifikuje kao 'nije pozitivan'.""}",nije negativan,Tekst opisuje neutralnu akciju bez izražene negativne konotacije.,"{""value"": ""nije negativan"", ""explanation"": ""Tekst opisuje neutralnu akciju bez izražene negativne konotacije.""}",mistral-small3.2:latest
ENG30-06828389-n,karakter nalik na zvezdu (*) koji se koristi u štampanim tekstovima,"['asterisk', 'zvezdica', 'zvezda']","(0.0, 0.0)",positive,Objektivan,Nije pozitivan,Nije negativan,nije pozitivan,"Karakter nalik na zvezdu (*) koji se koristi u štampanim tekstovima nema izraženu pozitivnu ili negativnu konotaciju, pa se klasifikuje kao 'nije pozitivan'.","{""value"": ""nije pozitivan"", ""explanation"": ""Karakter nalik na zvezdu (*) koji se koristi u štampanim tekstovima nema izraženu pozitivnu ili negativnu konotaciju, pa se klasifikuje kao 'nije pozitivan'.""}",nije negativan,Karakter nalik na zvezdu (*) koji se koristi u štampanim tekstovima je neutralan i ne nosi negativnu konotaciju.,"{""value"": ""nije negativan"", ""explanation"": ""Karakter nalik na zvezdu (*) koji se koristi u štampanim tekstovima je neutralan i ne nosi negativnu konotaciju.""}",mistral-small3.2:latest
ENG30-07175241-n,Verbalni čin dogovaranja.,['dogovaranje'],"(0.0, 0.0)",negative,Objektivan,Nije pozitivan,Nije negativan,nije pozitivan,Tekst 'Verbalni čin dogovaranja' je neutralan i ne sadrži izražene pozitivne emocije ili kvalitete.,"{""value"": ""nije pozitivan"", ""explanation"": ""Tekst 'Verbalni čin dogovaranja' je neutralan i ne sadrži izražene pozitivne emocije ili kvalitete.""}",nije negativan,Tekst 'Verbalni čin dogovaranja' ne sadrži negativne konotacije i opisuje neutralan pravni ili formalni postupak.,"{""value"": ""nije negativan"", ""explanation"": ""Tekst 'Verbalni čin dogovaranja' ne sadrži negativne konotacije i opisuje neutralan pravni ili formalni postupak.""}",mistral-small3.2:latest
ENG30-05868272-n,srednji deo ili odeljak,"['centar', 'razrada', 'sreda', 'sredina', 'središte']","(0.0, 0.0)",positive,Objektivan,Nije pozitivan,Nije negativan,nije pozitivan,"Tekst 'srednji deo ili odeljak' ne sadrži izražene pozitivne ili negativne emocije, pa se klasifikuje kao 'nije pozitivan'.","{""value"": ""nije pozitivan"", ""explanation"": ""Tekst 'srednji deo ili odeljak' ne sadrži izražene pozitivne ili negativne emocije, pa se klasifikuje kao 'nije pozitivan'.""}",nije negativan,Tekst 'srednji deo ili odeljak' je neutralan i ne sadrži izražene negativne emocije ili kvalitete.,"{""value"": ""nije negativan"", ""explanation"": ""Tekst 'srednji deo ili odeljak' je neutralan i ne sadrži izražene negativne emocije ili kvalitete.""}",mistral-small3.2:latest
ENG30-10402824-n,Osoba koja je uključena u neki zakonski postupak.,"['stranka', 'strana']","(0.0, 0.0)",negative,Objektivan,Nije pozitivan,Nije negativan,nije pozitivan,Tekst opisuje neutralnu situaciju bez izražene pozitivne konotacije.,"{""value"": ""nije pozitivan"", ""explanation"": ""Tekst opisuje neutralnu situaciju bez izražene pozitivne konotacije.""}",nije negativan,Tekst opisuje neutralnu situaciju bez izražene negativne konotacije.,"{""value"": ""nije negativan"", ""explanation"": ""Tekst opisuje neutralnu situaciju bez izražene negativne konotacije.""}",mistral-small3.2:latest
ENG30-12392549-n,Višegodišnja evropska kopriva koja ima široko grubo nazubljeno lišće sa bockavim dlaćicama.,"['kopriva', 'Urtica dioica']","(0.0, 0.0)",negative,Objektivan,Nije pozitivan,Nije negativan,nije pozitivan,"Tekst opisuje biljku na neutralan i opisni način, bez izražavanja pozitivnih emocija ili osećaja.","{""value"": ""nije pozitivan"", ""explanation"": ""Tekst opisuje biljku na neutralan i opisni način, bez izražavanja pozitivnih emocija ili osećaja.""}",nije negativan,"Tekst opisuje biljku na objektivan i neutralan način, bez izražavanja negativnih osećaja ili mišljenja.","{""value"": ""nije negativan"", ""explanation"": ""Tekst opisuje biljku na objektivan i neutralan način, bez izražavanja negativnih osećaja ili mišljenja.""}",mistral-small3.2:latest
ENG30-00180962-n,Čin biranja nekoga.,['izbor'],"(0.0, 0.0)",positive,Objektivan,Nije pozitivan,Nije negativan,nije pozitivan,Tekst 'Čin biranja nekoga' je neutralan i ne sadrži izražene pozitivne emocije ili kvalitete.,"{""value"": ""nije pozitivan"", ""explanation"": ""Tekst 'Čin biranja nekoga' je neutralan i ne sadrži izražene pozitivne emocije ili kvalitete.""}",nije negativan,Tekst 'Čin biranja nekoga' je neutralan i ne sadrži izražene negativne emocije ili kvalitete.,"{""value"": ""nije negativan"", ""explanation"": ""Tekst 'Čin biranja nekoga' je neutralan i ne sadrži izražene negativne emocije ili kvalitete.""}",mistral-small3.2:latest
ENG30-00892861-n,podučavanje držanjem predavanja o nekom predmetu (obično pred odeljenjem učenika ili studenata),['predavanje'],"(0.0, 0.0)",negative,Objektivan,Učimo se držati,Nije negativan,nije pozitivan,Tekst opisuje neutralnu aktivnost bez izražene pozitivne ili negativne konotacije.,"{""value"": ""nije pozitivan"", ""explanation"": ""Tekst opisuje neutralnu aktivnost bez izražene pozitivne ili negativne konotacije.""}",nije negativan,Tekst opisuje neutralnu aktivnost bez izražene negativne konotacije.,"{""value"": ""nije negativan"", ""explanation"": ""Tekst opisuje neutralnu aktivnost bez izražene negativne konotacije.""}",mistral-small3.2:latest
ENG30-07132729-n,(fonologija) gubitak glasova unutar reči (kao u `haj'mo` za` hajdemo`),['sinkopa'],"(0.0, 0.0)",negative,Objektivan,Nije pozitivan,Nije negativan,nije pozitivan,Tekst opisuje lingvistički fenomen bez izražavanja pozitivnih emocija ili stavova.,"{""value"": ""nije pozitivan"", ""explanation"": ""Tekst opisuje lingvistički fenomen bez izražavanja pozitivnih emocija ili stavova.""}",nije negativan,Tekst opisuje lingvistički fenomen bez izražavanja negativnih emocija ili ocena.,"{""value"": ""nije negativan"", ""explanation"": ""Tekst opisuje lingvistički fenomen bez izražavanja negativnih emocija ili ocena.""}",mistral-small3.2:latest
ENG30-00602112-v,usvojiti,"['prihvatati', 'prihvatiti', 'usvajati ', 'usvojiti']","(0.0, 0.0)",positive,Objektivan,Nije pozitivan,Nije negativan,nije pozitivan,"Reč 'usvojiti' ima neutralan ili blago pozitivan konotacijski nijansu, ali ne dostizem dobar razine pozitivnosti da bi se klasifikovala kao 'slabo pozitivan'.","{""value"": ""nije pozitivan"", ""explanation"": ""Reč 'usvojiti' ima neutralan ili blago pozitivan konotacijski nijansu, ali ne dostizem dobar razine pozitivnosti da bi se klasifikovala kao 'slabo pozitivan'.""}",nije negativan,"Reč 'usvojiti' ima pozitivan konotacijski nijansu, jer se odnosi na prihvatljivost ili prihvaćanje nečega ili nekoga, što je neutralno ili blago pozitivno.","{""value"": ""nije negativan"", ""explanation"": ""Reč 'usvojiti' ima pozitivan konotacijski nijansu, jer se odnosi na prihvatljivost ili prihvaćanje nečega ili nekoga, što je neutralno ili blago pozitivno.""}",mistral-small3.2:latest
ENG30-10000158-n,Advokat koji zastupa odbranu.,"['advokat odbrane', 'branilac']","(0.0, 0.0)",positive,Objektivan,Nije pozitivan,Nije negativan,nije pozitivan,Tekst je neutralan i ne sadrži izražene pozitivne emocije ili kvalitete.,"{""value"": ""nije pozitivan"", ""explanation"": ""Tekst je neutralan i ne sadrži izražene pozitivne emocije ili kvalitete.""}",nije negativan,Tekst opisuje profesiju advokata bez izražavanja negativnih osećaja ili kritičnih komentar.,"{""value"": ""nije negativan"", ""explanation"": ""Tekst opisuje profesiju advokata bez izražavanja negativnih osećaja ili kritičnih komentar.""}",mistral-small3.2:latest
ENG30-10016103-n,Neko ko veruje u neku doktrinu i pomaže da se ona širi.,"['pristalica', 'pristaša', 'privrženik']","(0.0, 0.0)",positive,Objektivan,Umjereno pozitivan,Nije negativan,nije pozitivan,"Tekst ne sadrži izražene pozitivne emocije ili kvalitete, već opisuje neutralnu radnju bez dodatnih pozitivnih atributa.","{""value"": ""nije pozitivan"", ""explanation"": ""Tekst ne sadrži izražene pozitivne emocije ili kvalitete, već opisuje neutralnu radnju bez dodatnih pozitivnih atributa.""}",nije negativan,Tekst opisuje neutralnu radnju bez izražene negativne konotacije.,"{""value"": ""nije negativan"", ""explanation"": ""Tekst opisuje neutralnu radnju bez izražene negativne konotacije.""}",mistral-small3.2:latest
ENG30-01482330-n,"Neka od brojnih morskih riba-mesoždera sa izduženim telom, i debelom kožom koja je prekrivena malim nazubljenim krljuštima.","['morski pas', 'ajkula']","(0.0, 0.0)",negative,Objektivan,Nijedan Tekst,Nije negativan,nije pozitivan,Tekst opisuje ribu na neutralan i opisni način bez izražavanja pozitivnih osećaja ili emocija.,"{""value"": ""nije pozitivan"", ""explanation"": ""Tekst opisuje ribu na neutralan i opisni način bez izražavanja pozitivnih osećaja ili emocija.""}",nije negativan,"Tekst opisuje biološke karakteristike morskih riba na neutralan i objektivan način, bez izražavanja negativnih osećaja ili mišljenja.","{""value"": ""nije negativan"", ""explanation"": ""Tekst opisuje biološke karakteristike morskih riba na neutralan i objektivan način, bez izražavanja negativnih osećaja ili mišljenja.""}",mistral-small3.2:latest
ENG30-04525038-n,"Svilenkasta, gusta, čupava tkanina, ravna sa poleđina.","['baršun', 'somot', 'pliš', 'kadifa']","(0.0, 0.0)",positive,Objektivan,Umjereno pozitivan,Nije negativan,nije pozitivan,"Tekst opisuje tkaninu na neutralan način, bez izražene pozitivne konotacije.","{""value"": ""nije pozitivan"", ""explanation"": ""Tekst opisuje tkaninu na neutralan način, bez izražene pozitivne konotacije.""}",nije negativan,Tekst opisuje karakteristike tkanine bez izražavanja negativnih osećaja ili mišljenja.,"{""value"": ""nije negativan"", ""explanation"": ""Tekst opisuje karakteristike tkanine bez izražavanja negativnih osećaja ili mišljenja.""}",mistral-small3.2:latest
ENG30-01193721-v,ispuniti do mere u kojoj ste zadovoljni,"['ispuniti', 'napuniti', 'napuniti se', 'popuniti', 'puniti se', 'zasititi se']","(0.0, 0.0)",positive,Objektivan,Nije pozitivan,Nije negativan,nije pozitivan,"Tekst 'ispuniti do mere u kojoj ste zadovoljni' je neutralan i ne sadrži izražene pozitivne emocije, pa se klasifikuje kao 'nije pozitivan'.","{""value"": ""nije pozitivan"", ""explanation"": ""Tekst 'ispuniti do mere u kojoj ste zadovoljni' je neutralan i ne sadrži izražene pozitivne emocije, pa se klasifikuje kao 'nije pozitivan'.""}",nije negativan,"Tekst 'ispuniti do mere u kojoj ste zadovoljni' ne sadrži izrazite negativne kvalitete, već je neutralan ili blago pozitivan, što ga svrstava u kategoriju 'nije negativan'.","{""value"": ""nije negativan"", ""explanation"": ""Tekst 'ispuniti do mere u kojoj ste zadovoljni' ne sadrži izrazite negativne kvalitete, već je neutralan ili blago pozitivan, što ga svrstava u kategoriju 'nije negativan'.""}",mistral-small3.2:latest
ENG30-01485513-v,Odstraniti pakovanje sa nečega.,"['otpakovati', 'raspakovati', 'razmotati', 'odmotati', 'odviti']","(0.0, 0.0)",positive,Objektivan,Nije pozitivan,Nije negativan,nije pozitivan,Rek je neutralan i ne sadrži izražene pozitivne kvalitete.,"{""value"": ""nije pozitivan"", ""explanation"": ""Rek je neutralan i ne sadrži izražene pozitivne kvalitete.""}",nije negativan,Tekst opisuje neutralnu akciju bez izražene negativne konotacije.,"{""value"": ""nije negativan"", ""explanation"": ""Tekst opisuje neutralnu akciju bez izražene negativne konotacije.""}",mistral-small3.2:latest
ENG30-09398076-n,jama ili rupa nastala habanjem ili atmosferskim dejstvom (posebno na površini puta),"['Džinovski lonac', 'jama', 'rupa']","(0.0, 0.0)",negative,Objektivan,Nije pozitivan,Nije negativan,nije pozitivan,"Termin 'jama ili rupa nastala habanjem ili atmosferskim dejstvom' opisuje negativan fenomen koji uzrokuje oštećenja i neugodnosti, pa stoga ne pripada nijednoj pozitivnoj kategoriji.","{""value"": ""nije pozitivan"", ""explanation"": ""Termin 'jama ili rupa nastala habanjem ili atmosferskim dejstvom' opisuje negativan fenomen koji uzrokuje oštećenja i neugodnosti, pa stoga ne pripada nijednoj pozitivnoj kategoriji.""}",nije negativan,"Termin 'jama ili rupa nastala habanjem ili atmosferskim dejstvom' opisuje fizičku pojavu bez izražene negativne konotacije, već je neutralan ili deskriptivan.","{""value"": ""nije negativan"", ""explanation"": ""Termin 'jama ili rupa nastala habanjem ili atmosferskim dejstvom' opisuje fizičku pojavu bez izražene negativne konotacije, već je neutralan ili deskriptivan.""}",mistral-small3.2:latest
ENG30-02686625-v,učiniti da se šta dogodi ili da šta uzrokuje,"['dovesti', 'dovoditi', 'izvesti', 'izvoditi', 'odvesti', 'odvoditi', 'prevoditi', 'provesti', 'provoditi', 'pružati', 'pružiti', 'voditi']","(0.0, 0.0)",positive,Objektivan,Nije pozitivan,Nije negativan,nije pozitivan,"Tekst 'učiniti da se šta dogodi ili da šta uzrokuje' ne sadrži izrazite pozitivne kvalitete ili emocije, već je neutralan ili ambivalentan, što ga svrstava u kategoriju 'nije pozitivan'.","{""value"": ""nije pozitivan"", ""explanation"": ""Tekst 'učiniti da se šta dogodi ili da šta uzrokuje' ne sadrži izrazite pozitivne kvalitete ili emocije, već je neutralan ili ambivalentan, što ga svrstava u kategoriju 'nije pozitivan'.""}",nije negativan,"Tekst ne sadrži izražene negativne emocije ili kritike, već opisuje neutralnu situaciju.","{""value"": ""nije negativan"", ""explanation"": ""Tekst ne sadrži izražene negativne emocije ili kritike, već opisuje neutralnu situaciju.""}",mistral-small3.2:latest
ENG30-10557854-n,Učena osoba (posebno u društvenim naukama); neko ko je dugotrajnim učenjem ovladao jednom ili više disciplina.,"['učenjak', 'učena osoba', 'student']","(0.0, 0.0)",positive,Objektivan,Umereno pozitivan The,Nije negativan,pozitivan,"Tekst opisuje pozitivnu osobinu - učenost i stručnost, što ukazuje na pozitivan sentiment.","{""value"": ""pozitivan"", ""explanation"": ""Tekst opisuje pozitivnu osobinu - učenost i stručnost, što ukazuje na pozitivan sentiment.""}",nije negativan,Tekst opisuje pozitivan atribut (učena osoba) bez ikakvih negativnih konotacija.,"{""value"": ""nije negativan"", ""explanation"": ""Tekst opisuje pozitivan atribut (učena osoba) bez ikakvih negativnih konotacija.""}",mistral-small3.2:latest
ENG30-02390258-n,Sterilni potomak muškog konja i ženskog magarca.,['mazga'],"(0.0, 0.0)",negative,Objektivan,Nije pozitivan,Nije negativan,nije pozitivan,"Termin 'sterilni potomak muškog konja i ženskog magarca' ima negativnu konotaciju, jer se odnosi na neplodnost i genetsku hibridnost, što se obično smatra neželjеним u životinjskoj reprodukciji.","{""value"": ""nije pozitivan"", ""explanation"": ""Termin 'sterilni potomak muškog konja i ženskog magarca' ima negativnu konotaciju, jer se odnosi na neplodnost i genetsku hibridnost, što se obično smatra neželjеним u životinjskoj reprodukciji.""}",nije negativan,Opis je neutralan i opisuje biološku činjenicu bez izražavanja negativnih osećaja ili mišljenja.,"{""value"": ""nije negativan"", ""explanation"": ""Opis je neutralan i opisuje biološku činjenicu bez izražavanja negativnih osećaja ili mišljenja.""}",mistral-small3.2:latest
ENG30-09362316-n,Tačka gde vodeni tok utiče u veću vodenu površinu.,['ušće'],"(0.0, 0.0)",negative,Objektivan,Nije pozitivan,Nije negativan,nije pozitivan,Tekst opisuje neutralnu geografsku tačku bez izražene pozitivne ili negativne konotacije.,"{""value"": ""nije pozitivan"", ""explanation"": ""Tekst opisuje neutralnu geografsku tačku bez izražene pozitivne ili negativne konotacije.""}",nije negativan,Tekst opisuje neutralnu geografsku tačku bez negativnih konotacija.,"{""value"": ""nije negativan"", ""explanation"": ""Tekst opisuje neutralnu geografsku tačku bez negativnih konotacija.""}",mistral-small3.2:latest
ENG30-07164546-n,Nešto što se nudi (kao predlog ili zahtev).,['ponuda'],"(0.0, 0.0)",positive,Objektivan,Nije pozitivan,Nije negativan,nije pozitivan,"Tekst ne sadrži izražene pozitivne emocije ili kvalitete, već neutralno opisuje situaciju.","{""value"": ""nije pozitivan"", ""explanation"": ""Tekst ne sadrži izražene pozitivne emocije ili kvalitete, već neutralno opisuje situaciju.""}",nije negativan,"Tekst 'Nešto što se nudi (kao predlog ili zahtev)' ne sadrži izrazite negativne konotacije, već neutralno opisuje situaciju.","{""value"": ""nije negativan"", ""explanation"": ""Tekst 'Nešto što se nudi (kao predlog ili zahtev)' ne sadrži izrazite negativne konotacije, već neutralno opisuje situaciju.""}",mistral-small3.2:latest
ENG30-03016953-n,visok elegantan sanduk sa fiokama,"['komoda', 'kredenac', 'orman', 'ormar']","(0.0, 0.0)",positive,Pozitivan,Veoma pozitivan    O,Nije negativan,pozitivan,"Tekst opisuje predmet sa pozitivnim karakteristikama kao što su 'visok' i 'elegantan', što ukazuje na umjerenu pozitivnu polarizaciju.","{""value"": ""pozitivan"", ""explanation"": ""Tekst opisuje predmet sa pozitivnim karakteristikama kao što su 'visok' i 'elegantan', što ukazuje na umjerenu pozitivnu polarizaciju.""}",nije negativan,Primer je granični kalibracioni slučaj za SWN POS/NEG skalu.,"{""value"": ""nije negativan"", ""explanation"": ""Primer je granični kalibracioni slučaj za SWN POS/NEG skalu.""}",mistral-small3.2:latest
ENG30-07592094-n,"komadi piletine ili drugog mesa dinstani sa npr. šargarepom, lukom i služe se sa rezancima ili knedlama",['paprikaš'],"(0.0, 0.0)",negative,Pozitivan,Umjereno pozitivan,Nije negativan,pozitivan,"Tekst opisuje ugodnu i ukusnu jelo, što ukazuje na pozitivan sentiment. Iako nema ekstremno pozitivnih izražaja, opis jela je definitivno pozitivan.","{""value"": ""pozitivan"", ""explanation"": ""Tekst opisuje ugodnu i ukusnu jelo, što ukazuje na pozitivan sentiment. Iako nema ekstremno pozitivnih izražaja, opis jela je definitivno pozitivan.""}",nije negativan,"Tekst opisuje običan recept za jelo, bez ikakvih negativnih konotacija ili emocija.","{""value"": ""nije negativan"", ""explanation"": ""Tekst opisuje običan recept za jelo, bez ikakvih negativnih konotacija ili emocija.""}",mistral-small3.2:latest
ENG30-00654885-n,Rad koji uključuje brigu i pažnju o nekome ili neyemu.,"['nega', 'staranje']","(0.0, 0.0)",positive,Pozitivan,Umereno pozitivan,Nije negativan,nije pozitivan,"Tekst opisuje rad koji uključuje brigu i pažnju, ali ne sadrži izražene pozitivne emocije ili superlative koji bi ukazivali na jači pozitivan sentiment.","{""value"": ""nije pozitivan"", ""explanation"": ""Tekst opisuje rad koji uključuje brigu i pažnju, ali ne sadrži izražene pozitivne emocije ili superlative koji bi ukazivali na jači pozitivan sentiment.""}",nije negativan,"Tekst opisuje rad koji uključuje brigu i pažnju, što su pozitivne karakteristike.","{""value"": ""nije negativan"", ""explanation"": ""Tekst opisuje rad koji uključuje brigu i pažnju, što su pozitivne karakteristike.""}",mistral-small3.2:latest
ENG30-07453638-n,svečani čin valdaočevog ustoličenja,"['koronacija', 'krunisanje']","(0.0, 0.0)",positive,Pozitivan,veoma pozitivan,Nije negativan,pozitivan,"Tekst 'svečani čin valdaočevog ustoličenja' ima pozitivnu konotaciju, ali nije ekstremno pozitivan jer ne sadrži superlative ili izrazito entuzijastične izraze.","{""value"": ""pozitivan"", ""explanation"": ""Tekst 'svečani čin valdaočevog ustoličenja' ima pozitivnu konotaciju, ali nije ekstremno pozitivan jer ne sadrži superlative ili izrazito entuzijastične izraze.""}",nije negativan,"Tekst opisuje svečani čin, što sugerira neutralan ili blago pozitivan kontekst bez izražene negativnosti.","{""value"": ""nije negativan"", ""explanation"": ""Tekst opisuje svečani čin, što sugerira neutralan ili blago pozitivan kontekst bez izražene negativnosti.""}",mistral-small3.2:latest
ENG30-14437976-n,visok stepen poštovanja stečen impresivnim poduhvatima ili postignućima,"['divljenje', 'poštovanje', 'respekt', 'uvažavanje']","(0.0, 0.0)",positive,Pozitivan,Veoma pozitivan    R,Nije negativan,veoma pozitivan,"Tekst opisuje visok stepen poštovanja, što je jako pozitivno, ali ne i ekstremno.","{""value"": ""veoma pozitivan"", ""explanation"": ""Tekst opisuje visok stepen poštovanja, što je jako pozitivno, ali ne i ekstremno.""}",nije negativan,Tekst opisuje pozitivan atribut (visok stepen poštovanja) bez izražene negativnosti.,"{""value"": ""nije negativan"", ""explanation"": ""Tekst opisuje pozitivan atribut (visok stepen poštovanja) bez izražene negativnosti.""}",mistral-small3.2:latest
ENG30-04840405-n,ljubazan i blag stav prema ljudima,"['milosrđe', 'milostivost', 'velikodušnost']","(0.0, 0.0)",positive,Pozitivan,veoma pozitivan,Nije negativan,pozitivan,"Riječ 'ljubazan' i 'blag stav prema ljudima' izražavaju pozitivne kvalitete, ali nisu na najvišoj granici pozitivne skale.","{""value"": ""pozitivan"", ""explanation"": ""Riječ 'ljubazan' i 'blag stav prema ljudima' izražavaju pozitivne kvalitete, ali nisu na najvišoj granici pozitivne skale.""}",nije negativan,Primer je granični kalibracioni slučaj za SWN POS/NEG skalu.,"{""value"": ""nije negativan"", ""explanation"": ""Primer je granični kalibracioni slučaj za SWN POS/NEG skalu.""}",mistral-small3.2:latest
ENG30-00913551-a,koji ima zelenilo tokom cele godine (o biljkama),['zimzelen'],"(0.0, 0.0)",positive,Pozitivan,Umjereno pozitivan,Nije negativan,nije pozitivan,"Tekst opisuje neutralnu karakteristiku biljke, bez izražene pozitivne ili negativne konotacije.","{""value"": ""nije pozitivan"", ""explanation"": ""Tekst opisuje neutralnu karakteristiku biljke, bez izražene pozitivne ili negativne konotacije.""}",nije negativan,Opis biljke sa zelenilom tokom cele godine je neutralan i ne sadrži negativne konotacije.,"{""value"": ""nije negativan"", ""explanation"": ""Opis biljke sa zelenilom tokom cele godine je neutralan i ne sadrži negativne konotacije.""}",mistral-small3.2:latest
ENG30-01375831-a,opšte prihvaćen i uvažen,"['slavan', 'poznat', 'čuven', 'značajan', 'renomiran', 'priznat', 'proslavljen']","(0.0, 0.0)",positive,Pozitivan,veoma pozitivan,Nije negativan,slabo pozitivan,"Izraz 'opšte prihvaćen i uvažen' ima blago pozitivnu konotaciju, ali nije izrazito entuzijastičan ili ekstremno pozitivan.","{""value"": ""slabo pozitivan"", ""explanation"": ""Izraz 'opšte prihvaćen i uvažen' ima blago pozitivnu konotaciju, ali nije izrazito entuzijastičan ili ekstremno pozitivan.""}",nije negativan,Tekst 'opšte prihvaćen i uvažen' ne sadrži negativne konotacije i može se smatrati neutralnim ili blago pozitivnim.,"{""value"": ""nije negativan"", ""explanation"": ""Tekst 'opšte prihvaćen i uvažen' ne sadrži negativne konotacije i može se smatrati neutralnim ili blago pozitivnim.""}",mistral-small3.2:latest
ENG30-13254805-n,Iznos za koji prihod nekog poslovanja premašuje troškove izrade.,['dobitak'],"(0.0, 0.0)",positive,Pozitivan,Veoma pozitivan Ov,Nije negativan,pozitivan,"Tekst opisuje pozitivan finansijski rezultat, što ukazuje na dobar poslovni performans.","{""value"": ""pozitivan"", ""explanation"": ""Tekst opisuje pozitivan finansijski rezultat, što ukazuje na dobar poslovni performans.""}",nije negativan,"Tekst opisuje pozitivan finansijski rezultat, što je neutralno ili blago pozitivno.","{""value"": ""nije negativan"", ""explanation"": ""Tekst opisuje pozitivan finansijski rezultat, što je neutralno ili blago pozitivno.""}",mistral-small3.2:latest
ENG30-02490877-v,Imati proslavu.,"['slaviti', 'svetkovati']","(0.0, 0.0)",positive,Pozitivan,Veoma pozitivan,Nije negativan,pozitivan,"Riječ 'proslava' ima pozitivnu konotaciju, ali nije na granici ekstremno pozitivnog.","{""value"": ""pozitivan"", ""explanation"": ""Riječ 'proslava' ima pozitivnu konotaciju, ali nije na granici ekstremno pozitivnog.""}",nije negativan,Primer je granični kalibracioni slučaj za SWN POS/NEG skalu.,"{""value"": ""nije negativan"", ""explanation"": ""Primer je granični kalibracioni slučaj za SWN POS/NEG skalu.""}",mistral-small3.2:latest
ENG30-00183090-b,(za naglašavanje značenja) izuzetno dobro,"['predivno', 'čudesno', 'sjajno', 'izvrsno', 'vrhunski', 'veličanstveno', 'izvanredno']","(0.0, 0.0)",positive,Pozitivan,veoma pozitivan,Nije negativan,ekstremno pozitivan,"Frazom 'izuzetno dobro' se izražava visoki stepen pozitivnosti, što odgovara gornjoj granici pozitivne SWN polarizacije.","{""value"": ""ekstremno pozitivan"", ""explanation"": ""Frazom 'izuzetno dobro' se izražava visoki stepen pozitivnosti, što odgovara gornjoj granici pozitivne SWN polarizacije.""}",nije negativan,Primer je granični kalibracioni slučaj za SWN POS/NEG skalu.,"{""value"": ""nije negativan"", ""explanation"": ""Primer je granični kalibracioni slučaj za SWN POS/NEG skalu.""}",mistral-small3.2:latest
ENG30-01983162-a,koji zaslužuje uvažavanje i poštovanje,"['častan', 'dobar', 'dobronameran', 'moralan', 'pošten', 'poštovan', 'pouzdan', 'siguran', 'ugledan', 'uredan', 'uvažen']","(0.0, 0.0)",positive,Pozitivan,veoma pozitivan,Nije negativan,pozitivan,"Tekst izražava pozitivne kvalitete kao što su uvažavanje i poštovanje, što ga svrstava u kategoriju 'pozitivan'.","{""value"": ""pozitivan"", ""explanation"": ""Tekst izražava pozitivne kvalitete kao što su uvažavanje i poštovanje, što ga svrstava u kategoriju 'pozitivan'.""}",nije negativan,"Tekst izražava pozitivne kvalitete kao što su uvažavanje i poštovanje, što ga svrstava u kategoriju 'nije negativan'.","{""value"": ""nije negativan"", ""explanation"": ""Tekst izražava pozitivne kvalitete kao što su uvažavanje i poštovanje, što ga svrstava u kategoriju 'nije negativan'.""}",mistral-small3.2:latest
ENG30-14438898-n,povoljna javna reputacija,"['dobar glas', 'obožavanje', 'popularnost', 'respekt', 'slava', 'ugled']","(0.0, 0.0)",positive,Pozitivan,veoma pozitivan,Nije negativan,slabo pozitivan,"Termin 'povoljna' ima blago pozitivno značenje, ali nije dovoljno jak da bi se klasifikovao kao 'pozitivan' ili jači.","{""value"": ""slabo pozitivan"", ""explanation"": ""Termin 'povoljna' ima blago pozitivno značenje, ali nije dovoljno jak da bi se klasifikovao kao 'pozitivan' ili jači.""}",nije negativan,"Termin 'povoljna javna reputacija' ima pozitivan konotacijski nijansu, što ga svrstava u kategoriju 'nije negativan' na SWN POS/NEG skali.","{""value"": ""nije negativan"", ""explanation"": ""Termin 'povoljna javna reputacija' ima pozitivan konotacijski nijansu, što ga svrstava u kategoriju 'nije negativan' na SWN POS/NEG skali.""}",mistral-small3.2:latest
ENG30-04829282-n,sklonost da se bude ljubazan i milostiv,"['milosrđe', 'milosrdnost', 'milost', 'milostivost', 'samilost', 'velikodušnost']","(0.0, 0.0)",positive,Pozitivan,veoma pozitivan,Nije negativan,pozitivan,"Riječ 'sklonost' ima neutralan ton, ali 'ljubazan' i 'milostiv' su pozitivni atributi koji ukupno daju pozitivan sentiment.","{""value"": ""pozitivan"", ""explanation"": ""Riječ 'sklonost' ima neutralan ton, ali 'ljubazan' i 'milostiv' su pozitivni atributi koji ukupno daju pozitivan sentiment.""}",nije negativan,Primer je granični kalibracioni slučaj za SWN POS/NEG skalu.,"{""value"": ""nije negativan"", ""explanation"": ""Primer je granični kalibracioni slučaj za SWN POS/NEG skalu.""}",mistral-small3.2:latest
ENG30-10407310-n,onaj koji voli i brani svoju zemlju,"['domoljub', 'patriota', 'rodoljub']","(0.0, 0.0)",positive,Pozitivan,Veoma pozitivan    R,Nije negativan,veoma pozitivan,"Tekst izražava jake pozitivne emocije i ponos prema svojoj zemlji, što odgovara kategoriji 'veoma pozitivan' na SWN skali.","{""value"": ""veoma pozitivan"", ""explanation"": ""Tekst izražava jake pozitivne emocije i ponos prema svojoj zemlji, što odgovara kategoriji 'veoma pozitivan' na SWN skali.""}",nije negativan,"Tekst izražava pozitivne osećaje prema zemlji, što ne odgovara ni jednoj od negativnih kategorija.","{""value"": ""nije negativan"", ""explanation"": ""Tekst izražava pozitivne osećaje prema zemlji, što ne odgovara ni jednoj od negativnih kategorija.""}",mistral-small3.2:latest
ENG30-04191595-n,Struktura koja pruža privatnost i zaštitu od opasnosti.,"['zaklon', 'sklonište']","(0.0, 0.0)",positive,Pozitivan,Veoma pozitivan,Nije negativan,pozitivan,"Tekst opisuje pozitivne kvalitete strukture, kao što su privatnost i zaštita, što ukazuje na pozitivan sentiment.","{""value"": ""pozitivan"", ""explanation"": ""Tekst opisuje pozitivne kvalitete strukture, kao što su privatnost i zaštita, što ukazuje na pozitivan sentiment.""}",nije negativan,"Tekst opisuje pozitivne kvalitete strukture, kao što su privatnost i zaštita, što ga svrstava u kategoriju 'nije negativan'.","{""value"": ""nije negativan"", ""explanation"": ""Tekst opisuje pozitivne kvalitete strukture, kao što su privatnost i zaštita, što ga svrstava u kategoriju 'nije negativan'.""}",mistral-small3.2:latest
ENG30-01041349-n,čin prinošenja hleba i vina prilikom pričesti,"['pričest', 'pričešće', 'religiozni prinos']","(0.0, 0.0)",positive,Pozitivan,Nije pozitivan,Nije negativan,pozitivan,"Tekst opisuje verski obred koji ima pozitivnu konotaciju, ali nije ekstremno pozitivan jer ne sadrži izrazito entuzijastične ili uzvišene izraze.","{""value"": ""pozitivan"", ""explanation"": ""Tekst opisuje verski obred koji ima pozitivnu konotaciju, ali nije ekstremno pozitivan jer ne sadrži izrazito entuzijastične ili uzvišene izraze.""}",nije negativan,Tekst opisuje versku radnju koja nema negativne konotacije.,"{""value"": ""nije negativan"", ""explanation"": ""Tekst opisuje versku radnju koja nema negativne konotacije.""}",mistral-small3.2:latest
ENG30-01425892-v,maziti ili nežno milovati,['maziti'],"(0.0, 0.0)",positive,Pozitivan,Umereno pozitivan,Nije negativan,nije pozitivan,Tekst 'maziti ili nežno milovati' ne sadrži izrazite pozitivne kvalitete ili karakteristike koje bi ga svrstale u kategorije pozitivnog sentimenta.,"{""value"": ""nije pozitivan"", ""explanation"": ""Tekst 'maziti ili nežno milovati' ne sadrži izrazite pozitivne kvalitete ili karakteristike koje bi ga svrstale u kategorije pozitivnog sentimenta.""}",nije negativan,Primer je granični kalibracioni slučaj za SWN POS/NEG skalu.,"{""value"": ""nije negativan"", ""explanation"": ""Primer je granični kalibracioni slučaj za SWN POS/NEG skalu.""}",mistral-small3.2:latest
ENG30-00169955-a,onaj koji deluje poput magneta; poseduje sposobnost da namami i privuče;,['privlačan'],"(0.0, 0.0)",positive,Pozitivan,Umereno pozitivan The,Nije negativan,pozitivan,"Tekst opisuje osobu sa pozitivnim kvalitetima kao što su privlačnost i sposobnost da privuče druge, što odgovara kategoriji 'pozitivan'.","{""value"": ""pozitivan"", ""explanation"": ""Tekst opisuje osobu sa pozitivnim kvalitetima kao što su privlačnost i sposobnost da privuče druge, što odgovara kategoriji 'pozitivan'.""}",nije negativan,"Tekst opisuje osobu sa pozitivnim kvalitetama kao što su privlačnost i sposobnost da privlači druge, što se ne svrstava u negativne kategorije.","{""value"": ""nije negativan"", ""explanation"": ""Tekst opisuje osobu sa pozitivnim kvalitetama kao što su privlačnost i sposobnost da privlači druge, što se ne svrstava u negativne kategorije.""}",mistral-small3.2:latest
ENG30-00309647-n,Putovanje organizovano sa specijalnim ciljem.,['ekspedicija'],"(0.0, 0.0)",positive,Pozitivan,Veoma pozitivan,Nije negativan,nije pozitivan,Tekst je neutralan i ne sadrži izražene pozitivne emocije ili kvalitete.,"{""value"": ""nije pozitivan"", ""explanation"": ""Tekst je neutralan i ne sadrži izražene pozitivne emocije ili kvalitete.""}",nije negativan,"Tekst opisuje putovanje organizovano sa specijalnim ciljem, što ne sadrži negativne konotacije ili emocije.","{""value"": ""nije negativan"", ""explanation"": ""Tekst opisuje putovanje organizovano sa specijalnim ciljem, što ne sadrži negativne konotacije ili emocije.""}",mistral-small3.2:latest
ENG30-03135152-n,krst kao znamenje hrišćanstva,['krst'],"(0.0, 0.0)",negative,Pozitivan,veoma pozitivan,Nije negativan,pozitivan,"Krst je simbol hrišćanstva i ima pozitivno značenje za vernike, ali nije na najvišoj skali pozitivnosti.","{""value"": ""pozitivan"", ""explanation"": ""Krst je simbol hrišćanstva i ima pozitivno značenje za vernike, ali nije na najvišoj skali pozitivnosti.""}",nije negativan,"Krst kao simbol hrišćanstva se smatra neutralnim ili pozitivnim u kontekstu verovanja, pa ne spada u negativne kategorije.","{""value"": ""nije negativan"", ""explanation"": ""Krst kao simbol hrišćanstva se smatra neutralnim ili pozitivnim u kontekstu verovanja, pa ne spada u negativne kategorije.""}",mistral-small3.2:latest
ENG30-00429048-n,Zabava koja drži pažnju.,"['zabava', 'razonoda']","(0.0, 0.0)",positive,Pozitivan,Umereno pozitivan,Nije negativan,pozitivan,"Tekst 'Zabava koja drži pažnju' izražava pozitivnu emociju, ali nije na najvišoj skali pozitivnosti.","{""value"": ""pozitivan"", ""explanation"": ""Tekst 'Zabava koja drži pažnju' izražava pozitivnu emociju, ali nije na najvišoj skali pozitivnosti.""}",nije negativan,"Tekst 'Zabava koja drži pažnju' ima pozitivan ton, ali nije ekstremno pozitivan, pa se klasifikuje kao 'nije negativan'.","{""value"": ""nije negativan"", ""explanation"": ""Tekst 'Zabava koja drži pažnju' ima pozitivan ton, ali nije ekstremno pozitivan, pa se klasifikuje kao 'nije negativan'.""}",mistral-small3.2:latest
ENG30-04831727-n,Osobina nekog ko je voljan da podari novac ili vreme.,"['velikodušnost', 'darežljivost']","(0.0, 0.0)",positive,Pozitivan,Umjereno pozitivan,Nije negativan,pozitivan,"Tekst opisuje osobinu generoznosti, što je pozitivna kvaliteta, ali ne i ekstremno pozitivna.","{""value"": ""pozitivan"", ""explanation"": ""Tekst opisuje osobinu generoznosti, što je pozitivna kvaliteta, ali ne i ekstremno pozitivna.""}",nije negativan,"Tekst opisuje pozitivnu osobinu, pa se klasifikuje kao 'nije negativan'.","{""value"": ""nije negativan"", ""explanation"": ""Tekst opisuje pozitivnu osobinu, pa se klasifikuje kao 'nije negativan'.""}",mistral-small3.2:latest
ENG30-07497797-n,naklonjenost prema nečemu,"['dopadanje', 'pristrasnost']","(0.0, 0.0)",negative,Pozitivan,umjereno pozitivan,Nije negativan,nije pozitivan,Termin 'naklonjenost prema nečemu' je neutralan i ne sadrži izražene pozitivne ili negativne konotacije.,"{""value"": ""nije pozitivan"", ""explanation"": ""Termin 'naklonjenost prema nečemu' je neutralan i ne sadrži izražene pozitivne ili negativne konotacije.""}",nije negativan,"Termin 'naklonjenost prema nečemu' ima pozitivan konotacijski nijansu, što ga svrstava u kategoriju 'nije negativan' na SWN skali.","{""value"": ""nije negativan"", ""explanation"": ""Termin 'naklonjenost prema nečemu' ima pozitivan konotacijski nijansu, što ga svrstava u kategoriju 'nije negativan' na SWN skali.""}",mistral-small3.2:latest
ENG30-00719231-v,pozitivno na šta reagovati; ispravnim i pravilnim smatrati,"['podržati', 'podržavati', 'prihvatati', 'prihvatiti', 'primati', 'primiti']","(0.0, 0.0)",positive,Pozitivan,Veoma pozitivan,Nije negativan,slabo pozitivan,"Tekst sadrži reči koje ukazuju na blagi pozitivni sentiment, kao što su 'pozitivno' i 'ispravnim i pravilnim smatrati', ali ne dostizuje jači nivo pozitivnosti.","{""value"": ""slabo pozitivan"", ""explanation"": ""Tekst sadrži reči koje ukazuju na blagi pozitivni sentiment, kao što su 'pozitivno' i 'ispravnim i pravilnim smatrati', ali ne dostizuje jači nivo pozitivnosti.""}",nije negativan,"Tekst sadrži pozitivne izraze kao što je 'pozitivno' i 'ispravnim i pravilnim smatrati', što ukazuje na neutralan ili blago pozitivni sentiment.","{""value"": ""nije negativan"", ""explanation"": ""Tekst sadrži pozitivne izraze kao što je 'pozitivno' i 'ispravnim i pravilnim smatrati', što ukazuje na neutralan ili blago pozitivni sentiment.""}",mistral-small3.2:latest
