"agresivan";;1
"akademija";1;
"alkoholizam";;1
"anarhist";;1
"anatema";;1
"angažovati";1;
"angelski";1;
"anomalija";;1
"antipatija";;1
"apostol";1;
"apsurdnost";;1
"as";1;
"avetinjski";;1
"bajonet";;1
"balada";1;
"banja";1;
"bazen";1;
"bes";;1
"beskraj";1;
"besmislen";;1
"besmisleno";;1
"besprekoran";1;
"bezgraničan";1;
"bezobličan";;1
"biblioteka";1;
"bijeda";;1
"biranje";;1
"bjegunac";;1
"blažen";1;
"blaženo";1;
"blaženstvo";1;
"blistati";1;
"blokada";;1
"bodljikav";;1
"bog";;1
"bol";;1
"bolesno";;1
"bolno";;1
"Bor";;1
"borba";;1
"boriti";;1
"brakolomstvo";;1
"branilac";1;
"braniti";1;
"bratski";1;
"bratstvo";1;
"brinuti";;1
"bubuljica";;1
"buha";;1
"bujica";;1
"bunovan";;1
"čekati";;1
"čekinja";;1
"cenzor";;1
"ceremonija";1;
"čio";1;
"čist";1;
"čistoća";1;
"civilizacija";1;
"civilizovan";1;
"ćorsokak";;1
"crnački";;1
"čujan";1;
"delfin";1;
"demokratija";1;
"demonstrativno";1;
"desetar";;1
"dijeta";1;
"diktatorski";;1
"diktatura";;1
"direktor";1;
"diskrecija";1;
"diviti";1;
"dnevnik";1;
"dobitnik";1;
"dobivanje";1;
"dobro";1;
"dobrota";1;
"dobrotvor";1;
"dodatak";1;
"dogovoren";1;
"dole";;1
"dosad";;1
"dosledno";1;
"dostava";1;
"drhtanje";;1
"duhovno";1;
"dvoličnost";;1
"dželat";;1
"Džon";;1
"ekonomski";1;
"ekspanzivan";1;
"elastičan";1;
"elegantno";1;
"električni";1;
"elita";1;
"falsifikovati";;1
"fantazija";1;
"fiktivan";;1
"fiziologija";1;
"flegma";;1
"Frank";1;
"fuzija";1;
"gađenje";;1
"gas";;1
"genijalan";1;
"genijalnost";1;
"gibak";1;
"glad";;1
"glatko";1;
"glup";;1
"gnjev";;1
"golicati";1;
"gore";;1
"goreti";;1
"graciozan";1;
"grob";;1
"grobnica";;1
"grozno";;1
"guranje";;1
"gušiti";;1
"halucinacija";;1
"harmonija";1;
"hemičar";1;
"hir";;1
"hitan";;1
"hladovina";1;
"hor";1;
"hrana";1;
"hraniti";1;
"humorista";1;
"improvizovan";;1
"inspektor";1;
"instrukcija";1;
"inteligentan";1;
"ironija";;1
"ishod";1;
"iskušenje";;1
"ispovijest";;1
"istovariti";;1
"istražiti";1;
"ivica";;1
"izabrati";1;
"izbrisati";;1
"izdajnik";;1
"izgnanstvo";;1
"izgubiti";;1
"izložiti";;1
"izmišljotina";;1
"jačati";1;
"javno";1;
"jeftin";1;
"jeza";;1
"junak";1;
"kabinet";1;
"kajanje";;1
"kanarinka";1;
"kapitalista";1;
"kapuljača";;1
"kazneni";;1
"kazniti";;1
"kijavica";;1
"kitnjast";1;
"klasično";1;
"kleveta";;1
"klipan";;1
"klupa";;1
"knjiški";1;
"kočiti";;1
"kolega";1;
"kolera";;1
"kolijevka";1;
"kolovoz";1;
"komadati";;1
"komocija";;1
"komunizam";;1
"konjušnica";;1
"konstruisati";1;
"kopirati";;1
"kraljevstvo";1;
"kreštav";;1
"krijumčar";;1
"kronika";1;
"krut";;1
"krvav";;1
"krvožedan";;1
"kuga";;1
"kugla";1;
"kukanje";;1
"kultura";1;
"kupatilo";1;
"kvalifikovan";1;
"kvar";;1
"laž";;1
"lažan";;1
"lekar";1;
"lepljiv";;1
"lišen";;1
"admiral";1;
"advokatura";1;
"akademski";1;
"alkohol";;1
"ambasador";1;
"ambiciozan";1;
"apatičan";;1
"apsolutan";1;
"aristokratski";1;
"arogancija";;1
"atentat";;1
"autoritativan";1;
"bagra";;1
"bala";;1
"bandit";;1
"bard";1;
"beba";1;
"beg";;1
"besan";;1
"besposlen";;1
"bezakonje";;1
"bezbožan";;1
"bezdan";;1
"bezimen";;1
"beznadežan";;1
"bezuspešno";;1
"biblijski";1;
"bijesan";;1
"bjesomučan";;1
"blagost";1;
"blijed";1;
"blokirati";;1
"bogat";1;
"bora";;1
"borac";;1
"božanski";1;
"božanstvo";1;
"brbljanje";;1
"brutalan";;1
"brz";1;
"buba";;1
"bucmast";;1
"budalast";;1
"budno";1;
"bušiti";;1
"čast";1;
"častan";1;
"cenzura";;1
"ćerka";1;
"cijepati";;1
"ciklon";;1
"čisto";1;
"čitak";1;
"čovečanstvo";1;
"crkva";1;
"crn";;1
"čudak";;1
"čudesan";1;
"cupkanje";;1
"cvijet";1;
"čvrstoća";1;
"daviti";;1
"deficit";;1
"demonski";;1
"demonstracija";;1
"derište";;1
"dijagnoza";;1
"diskreditovati";;1
"diskusija";1;
"dleto";1;
"dobit";1;
"domaćinstvo";1;
"don";1;
"donji";;1
"dostignut";1;
"dotjerati";1;
"dovoljan";1;
"dovoljno";1;
"dragocen";1;
"drastičan";;1
"drugar";1;
"dubina";1;
"đubre";;1
"duet";1;
"energičan";1;
"energija";1;
"ep";1;
"fanatizam";;1
"farsa";;1
"fatalnost";;1
"felon";;1
"fenomenalan";1;
"feudalan";;1
"galantan";1;
"garantovati";1;
"genije";1;
"giljotina";;1
"glasina";;1
"glavni";1;
"glupost";;1
"gnusno";;1
"gojazan";;1
"gorčina";;1
"gostoprimstvo";1;
"granata";;1
"gromak";1;
"grozan";;1
"gust";;1
"gusto";;1
"hirovit";;1
"hitrost";1;
"hladan";1;
"human";1;
"hvalisati";;1
"idiot";;1
"idiotski";;1
"igrač";;1
"igralište";1;
"improvizovati";1;
"imućan";1;
"instruktor";1;
"interesovanje";1;
"intiman";1;
"iseliti";;1
"iskidan";;1
"isključivanje";;1
"iskopavanje";;1
"iskoreniti";;1
"iskra";1;
"Iskra";1;
"ismijavati";;1
"ispravnost";1;
"istekao";;1
"istinit";1;
"istrajnost";1;
"istraživanje";1;
"istrgnuti";;1
"izazivanje";;1
"izbezumljen";;1
"izdajstvo";;1
"izdržljivost";1;
"izdvojen";;1
"izgovor";;1
"izgubljen";;1
"izmoren";;1
"izolirati";;1
"izrezati";;1
"izumro";;1
"izvrsno";1;
"jačanje";1;
"janjetina";1;
"jastučić";1;
"jastuk";1;
"jaz";;1
"jedinstvo";1;
"jednoličan";;1
"jedva";;1
"jeres";;1
"jesti";1;
"jeziv";;1
"jubilej";1;
"kapanje";;1
"kasta";;1
"kazalište";1;
"kazna";;1
"kinin";1;
"kiseo";;1
"klevetanje";;1
"klin";;1
"ključ";;1
"kloštar";;1
"kneževski";1;
"kolac";;1
"koma";;1
"komandant";1;
"komarac";;1
"komšija";1;
"konačno";1;
"konfuzan";;1
"koplje";;1
"kora";;1
"korov";;1
"kralj";1;
"kraljevski";1;
"krhak";;1
"krilo";;1
"krma";;1
"krš";;1
"krt";;1
"krvotok";;1
"kucati";;1
"kupac";1;
"kupka";1;
"kupovina";1;
"kuvati";;1
"kvalifikacija";1;
"lak";1;
"laskavo";1;
"latentan";;1
"lekcija";1;
"letargija";;1
"angažirati";1;
"angina";;1
"anoniman";;1
"antiteza";;1
"apatija";;1
"arheologija";1;
"aristokratija";1;
"aroma";1;
"astrolog";1;
"banda";;1
"bankrotirati";;1
"barijera";;1
"barikada";;1
"besmislica";;1
"besnilo";;1
"bespomoćan";;1
"bezličan";;1
"bijeg";;1
"bijelo";;1
"bitno";1;
"blago";1;
"blagovremeno";1;
"blještav";1;
"bodriti";1;
"bojkot";;1
"bolan";;1
"bolest";;1
"bomba";;1
"božji";1;
"bradavica";;1
"brisanje";;1
"brojanje";1;
"brokat";1;
"brutalnost";;1
"bug";;1
"bujnost";1;
"buka";;1
"buldog";1;
"čarka";;1
"čednost";1;
"cilj";1;
"čir";;1
"cista";;1
"čitač";1;
"crnilo";;1
"crnjo";;1
"crv";;1
"čudesno";1;
"čuvar";1;
"čvrst";1;
"đavo";;1
"dečko";;1
"degradacija";;1
"deklinacija";;1
"delikt";;1
"demon";;1
"demoralizovan";;1
"despotski";;1
"dete";1;
"detinjast";;1
"devica";1;
"diktator";;1
"diplomatski";1;
"divan";1;
"divljač";;1
"dječak";;1
"dlakav";;1
"dobiti";1;
"dobrobit";1;
"dobrotvorac";1;
"dobrotvoran";1;
"dogovor";1;
"dokazati";1;
"doprinos";1;
"dopuštenje";1;
"dosada";;1
"dostignuti";1;
"dostojanstven";1;
"dostojanstvo";1;
"dragocjen";1;
"dreka";;1
"drljanje";;1
"drmanje";;1
"drug";1;
"dužnik";;1
"džomba";;1
"eksplodirati";;1
"ekstatičan";1;
"ekstaza";1;
"epski";1;
"erupcija";;1
"estetika";1;
"evolucija";1;
"fad";;1
"familijarnost";1;
"fanatik";;1
"fikcija";;1
"flota";1;
"gadan";;1
"garancija";1;
"gljiva";;1
"gluv";;1
"gnjaviti";;1
"gnječenje";;1
"gomila";;1
"goniti";;1
"građanin";1;
"građanski";1;
"gradonačelnik";1;
"granat";1;
"granica";;1
"grbav";;1
"grditi";;1
"grozničav";;1
"grozota";;1
"grudnjak";;1
"Guša";;1
"gvožđe";1;
"hašiš";;1
"higijenski";1;
"himna";1;
"hit";;1
"horski";1;
"hotimično";;1
"hrapav";;1
"hvatanje";;1
"idol";1;
"igla";1;
"ilustrovati";1;
"imenica";1;
"imitirati";1;
"impozantan";;1
"inteligencija";1;
"iščekivanje";1;
"ishrana";1;
"iskren";1;
"islednik";;1
"ismijavanje";;1
"ispaštanje";1;
"ispit";;1
"ispitivanje";;1
"istina";1;
"istinito";1;
"istrajan";1;
"izazvati";;1
"izbaciti";;1
"izbegavanje";;1
"izdanje";;1
"izdržati";1;
"izgrditi";;1
"izmeniti";1;
"izmet";;1
"iznuren";;1
"izopačen";;1
"izuzeće";1;
"jadno";;1
"jagma";;1
"jahač";1;
"jalov";;1
"jednoglasno";1;
"jeretički";;1
"junački";1;
"juriš";;1
"kalkulator";1;
"kandidat";1;
"kategoričan";1;
"kemičar";1;
"kiša";;1
"kiselina";;1
"klanica";;1
"klinac";1;
"knjižara";1;
"kockanje";;1
"kockar";;1
"kolevka";1;
"kolosalno";1;
"konačan";1;
"konzervativan";;1
"kopriva";;1
"kreten";;1
"kretenski";;1
"krijumčarenje";;1
"kritičar";;1
"krivica";;1
"krivokletstvo";;1
"kroničan";;1
"krštenje";1;
"krunisanje";1;
"krvoproliće";;1
"kultivisati";1;
"kundak";;1
"kvasac";;1
"lakoveran";;1
"lakovjeran";;1
"lanac";;1
"lav";1;
"lavina";;1
"adut";1;
"agitacija";;1
"agonija";;1
"aj";1;
"aktivan";1;
"ambicija";1;
"anarhija";;1
"anarhista";;1
"anarhizam";;1
"apsurd";;1
"autentičnost";1;
"avet";;1
"avgust";1;
"balsam";1;
"baština";1;
"beo";1;
"beskonačnost";1;
"beskoristan";;1
"besmrtan";1;
"besno";;1
"besposličar";;1
"besraman";;1
"bezbožnik";;1
"bezobrazno";;1
"blagosloviti";1;
"blatnjav";;1
"bljutav";;1
"bluz";;1
"bogatstvo";1;
"bombardovati";;1
"brak";1;
"bravo";;1
"breme";;1
"brendi";;1
"breza";;1
"brišući";1;
"buncanje";;1
"buran";;1
"burno";;1
"buva";;1
"čamac";1;
"čamiti";;1
"čaroban";1;
"časnik";1;
"centar";1;
"čestitost";1;
"cigareta";;1
"cinik";;1
"čišćenje";1;
"čitanje";1;
"crno";;1
"čudo";1;
"curica";;1
"cvrkut";1;
"dahtati";;1
"dar";1;
"darežljiv";1;
"davanje";1;
"davati";1;
"đavolski";;1
"defektan";;1
"degeneracija";;1
"demanti";;1
"despotizam";;1
"destilacija";1;
"detinjstvo";1;
"dijete";1;
"divljak";;1
"divljaštvo";;1
"divljenje";1;
"dječji";1;
"djetinji";;1
"dno";;1
"dobitak";1;
"dobrodošao";1;
"dobrovoljac";1;
"dogovaranje";;1
"doktor";1;
"doprinijeti";1;
"dosadan";;1
"dostupan";1;
"drhtaj";;1
"društvo";1;
"drzak";;1
"Dušica";1;
"eksploatisati";;1
"eksplozija";;1
"elegancija";1;
"elegantan";1;
"evakuacija";;1
"evakuisati";;1
"falsifikat";;1
"fatalan";;1
"filantrop";1;
"filozof";1;
"gad";;1
"galeb";;1
"ganut";;1
"garnizon";1;
"gašenje";;1
"gimnastičar";1;
"gladovanje";;1
"glomazan";;1
"gluh";;1
"glupan";;1
"gmizati";;1
"gnjuranje";;1
"gnusan";;1
"gonjenje";;1
"gorko";;1
"gospodarstvo";1;
"grabljiv";;1
"greda";1;
"grešan";;1
"grešnik";;1
"groznica";;1
"gruda";;1
"guba";;1
"gubitak";;1
"gubljenje";;1
"guru";1;
"gušenje";;1
"gužva";;1
"hemoroidi";;1
"heroj";1;
"hladno";;1
"hronika";1;
"hura";1;
"idealizam";1;
"imenovanje";1;
"imitacija";;1
"imovina";1;
"informacija";1;
"instinktivan";1;
"interes";1;
"iseljenje";;1
"išijas";;1
"isključenje";;1
"isključiti";;1
"iskrivljen";;1
"ispraviti";1;
"isprekidan";;1
"ispunjen";;1
"istrunuti";;1
"Ivan";;1
"izložen";;1
"izmaglica";;1
"izmijeniti";1;
"izmišljati";;1
"izrazito";;1
"izvrnut";;1
"izvršenje";;1
"izvršilac";;1
"izvrsnost";1;
"jadan";;1
"jagnje";1;
"jasnoća";1;
"jasnost";1;
"jastreb";;1
"javnost";1;
"jecaj";;1
"jedinstven";1;
"jednako";1;
"jednoglasan";1;
"juha";1;
"junaštvo";1;
"kamen";;1
"kampanja";;1
"kap";;1
"kapetan";1;
"kapital";1;
"karijera";1;
"kip";1;
"klanje";;1
"klimav";;1
"klizav";1;
"kliziti";1;
"knjižnica";1;
"koalicija";1;
"kompaktan";1;
"koncesija";;1
"konfuzija";;1
"kontakt";1;
"kontradikcija";;1
"kontura";1;
"korporacija";1;
"korupcija";;1
"košnica";;1
"kovčeg";;1
"krasta";;1
"krckanje";;1
"kredit";1;
"krik";;1
"kriminal";;1
"krkljanac";;1
"kućanstvo";1;
"kuja";;1
"abortus";;1
"agresivnost";;1
"akcija";1;
"amen";1;
"anđeo";1;
"anđeoski";1;
"antagonizam";;1
"artiljerija";;1
"astronom";1;
"atletski";1;
"autor";1;
"autoritet";1;
"balet";1;
"banket";1;
"baterija";;1
"belina";1;
"beskonačno";1;
"beskućnik";;1
"besramno";;1
"bezazlen";;1
"bezbednost";1;
"bezdušan";;1
"beznačajan";;1
"beznadežnost";;1
"bič";;1
"bijedan";;1
"bijes";;1
"bista";;1
"bitan";1;
"bitka";;1
"blagoslov";1;
"blagosloven";1;
"blato";;1
"bliskost";1;
"bljesak";;1
"bljuvanje";;1
"blok";;1
"bogalj";;1
"bolestan";;1
"bombardovanje";;1
"božanstven";1;
"branitelj";1;
"brijanje";1;
"brodolom";;1
"budan";;1
"buknuti";;1
"cerekanje";1;
"čistač";;1
"čistilište";;1
"čitulja";;1
"cmok";;1
"čudno";;1
"Čudno";;1
"čudovište";;1
"čulan";;1
"čupav";;1
"cvet";1;
"darovit";1;
"debata";1;
"definitivno";1;
"delegat";1;
"diplomatija";1;
"direktno";1;
"dobar";1;
"dodijeliti";1;
"dolazak";1;
"dosađivati";;1
"dosluh";;1
"dovesti";1;
"drečeći";1;
"drobljenje";;1
"društven";1;
"druželjubiv";1;
"dug";;1
"dur";;1
"dvoličan";;1
"ekscentričan";;1
"ekstra";1;
"elektricitet";1;
"eminencija";1;
"epidemija";;1
"etički";1;
"fakultet";1;
"fijasko";;1
"fitilj";1;
"formalno";1;
"formula";1;
"funkcija";1;
"gakanje";;1
"glavobolja";;1
"glupo";;1
"gnoj";;1
"gorila";;1
"gospođica";;1
"goveda";;1
"govor";1;
"greška";;1
"grubo";;1
"hajde";;1
"haos";;1
"harati";;1
"harmonično";1;
"heroizam";1;
"hitno";;1
"hrđa";;1
"hvalisanje";;1
"iluzija";;1
"improviziran";;1
"inat";;1
"inspiracija";1;
"inspirisati";1;
"intimnost";1;
"ironičan";;1
"iskaliti";;1
"isključen";;1
"iskorijeniti";;1
"iskoristiti";;1
"iskupljenje";1;
"ispadanje";;1
"ispitujući";;1
"isporuka";1;
"ispuniti";1;
"ispunjenje";1;
"isteći";;1
"isterati";;1
"istinitost";1;
"istraga";1;
"istrebiti";;1
"istrošen";;1
"izabran";1;
"izdaja";;1
"izdajnički";;1
"izdati";;1
"izdvojiti";1;
"izgladneo";;1
"izgorio";;1
"izjava";1;
"izliv";1;
"između";;1
"iznenada";;1
"izolovan";;1
"izostaviti";;1
"izviždati";;1
"jad";;1
"jazbina";;1
"jed";;1
"kadulja";1;
"kandža";;1
"kapitalistički";1;
"karikatura";;1
"kasno";;1
"kavez";;1
"kihanje";;1
"kitica";;1
"klasika";1;
"klovn";1;
"kolik";;1
"kolosalan";1;
"kompetentan";1;
"komplikovano";;1
"kompozitor";1;
"kontrastan";;1
"kopile";;1
"korisnost";1;
"krasno";1;
"kratkovidost";;1
"krevet";;1
"krivnja";;1
"krivo";;1
"križ";;1
"kršenje";;1
"krst";;1
"krutost";;1
"kuhati";;1
"kukavica";;1
"kukavički";;1
"kurva";;1
"labirint";;1
"lagati";;1
"lako";1;
"lakomislen";;1
"laskav";1;
"lažno";;1
"leglo";;1
"lepo";1;
"leš";;1
"letargičan";;1
"letimičan";;1
"ležerno";1;
"liječenje";1;
"lijek";1;
"lijep";1;
"linčovati";;1
"lizati";;1
"ljekovit";1;
"lješ";;1
"lopata";;1
"ajkula";;1
"akrobata";1;
"alabaster";1;
"amnestija";1;
"antihrist";;1
"apel";1;
"aplauz";1;
"apsolutno";1;
"argument";;1
"artikulisati";1;
"ateizam";;1
"atom";1;
"avangarda";1;
"avantura";1;
"azil";;1
"baka";1;
"banalan";;1
"bankrot";;1
"baršun";1;
"bastion";1;
"beda";;1
"bedan";;1
"bedem";1;
"begunac";;1
"besciljan";;1
"besplodan";;1
"besprekorno";1;
"beznačajnost";;1
"bezvredan";;1
"bife";;1
"bijesno";;1
"biljni";1;
"birokrata";;1
"bistrina";1;
"bitanga";;1
"bjelina";1;
"blagodat";1;
"blagotvoran";1;
"blatan";;1
"blebetanje";;1
"blesavo";;1
"blizanac";1;
"blizina";1;
"bludnica";;1
"bojažljivost";;1
"brbljati";;1
"brigada";;1
"brisati";;1
"budala";;1
"budalaština";;1
"buket";1;
"čađ";;1
"ćaskanje";;1
"Ciganin";;1
"cika";;1
"civil";1;
"čokolada";1;
"čuven";1;
"cviliti";;1
"dama";1;
"danak";1;
"debeo";;1
"degradirati";;1
"delirijum";;1
"dijamant";1;
"dilema";;1
"dirljiv";1;
"disciplina";;1
"divlje";;1
"djetinjast";;1
"djetinjstvo";1;
"dlijeto";;1
"dogovoriti";1;
"dohvatiti";1;
"dokazan";1;
"doprineti";1;
"doručak";1;
"dosljednost";1;
"dostojanstveno";1;
"draga";1;
"drolja";;1
"duhan";;1
"duvan";;1
"dvosmislen";;1
"ekspedicija";1;
"emancipacija";1;
"epilepsija";;1
"estetski";1;
"fantom";;1
"feminizam";;1
"finesa";1;
"fizika";1;
"funta";;1
"gigantski";1;
"gladan";;1
"glasan";;1
"glib";;1
"gojaznost";;1
"golubica";1;
"gostoljubivost";1;
"gotovina";1;
"grab";;1
"gracioznost";1;
"grč";;1
"gristi";;1
"groblje";;1
"grof";1;
"grofica";1;
"grom";;1
"gromovit";;1
"guja";;1
"gutljaj";;1
"hapšenje";;1
"histeričan";;1
"histerija";;1
"horda";;1
"hrabar";1;
"hrast";1;
"hum";;1
"individualnost";1;
"intonacija";1;
"ironično";;1
"iseljenik";;1
"iskreno";1;
"iskrenost";1;
"iskupiti";1;
"ismevanje";;1
"ispitati";;1
"ispravan";1;
"istaknut";1;
"isušen";;1
"iverak";;1
"izbijanje";;1
"izbjegavati";;1
"izbor";1;
"izbrisan";;1
"izdržljiv";1;
"izduvati";;1
"izgnanik";;1
"izgraditi";1;
"izjavljivati";;1
"izmirenje";1;
"iznad";1;
"iznenađenje";1;
"izuzetan";1;
"izuzeti";1;
"izvrstan";1;
"jabukovača";1;
"jaje";1;
"jazavac";;1
"jednakost";1;
"karakterističan";1;
"kašalj";;1
"katastrofa";;1
"katedrala";1;
"kategorički";1;
"kesten";;1
"kicoš";;1
"kikotanje";1;
"kiselo";;1
"klepet";;1
"kletva";;1
"kockast";;1
"komedija";1;
"kompetentnost";1;
"kompleks";;1
"komplikacija";;1
"komunista";;1
"konfiskovati";;1
"konkurencija";;1
"konvencija";1;
"konverzacija";1;
"konvulzivan";;1
"kopča";;1
"korespondencija";1;
"korist";1;
"koristan";1;
"kovrča";1;
"krađa";;1
"krastavac";;1
"kratkoća";;1
"kreditiran";1;
"kretanje";;1
"kriminalitet";;1
"kritikovati";;1
"kriv";;1
"krivac";;1
"kriza";;1
"krsni";1;
"kucanje";;1
"kučka";;1
"laganje";;1
"lakrdijaški";;1
"lava";;1
"ljubazno";1;
"ljubomora";;1
"ljubomoran";;1
"ljutnja";;1
"logičan";1;
"lopov";;1
"loviti";;1
"lukavstvo";;1
"lutajući";;1
"maglovit";;1
"magnetizam";1;
"majstorija";1;
"malter";1;
"mamurluk";;1
"markiz";1;
"maskirati";;1
"med";1;
"mijenjati";1;
"miroljubiv";1;
"mišljenje";;1
"mit";;1
"mito";;1
"mješina";;1
"mlatiti";;1
"moćan";1;
"močvara";;1
"moderno";1;
"mozak";1;
"mučeništvo";;1
"muzički";1;
"nabaviti";1;
"naboran";;1
"nadnesen";;1
"nadvoje";;1
"nadzor";;1
"nagnuti";1;
"nakit";1;
"nalog";;1
"nametljiv";;1
"naneti";;1
"nanositi";;1
"naoružanje";;1
"napeto";;1
"napitak";1;
"naplaćivati";;1
"napred";1;
"napušten";;1
"nasilan";;1
"natovaren";;1
"naučiti";1;
"naučnik";1;
"neaktivan";;1
"nebrojeno";;1
"nedopušten";;1
"nedostajati";;1
"neistinito";;1
"nejednakost";;1
"nelagodnost";;1
"nemarno";;1
"neobjašnjen";;1
"neobjašnjivo";;1
"neodređen";;1
"neoprostiv";;1
"neozbiljan";;1
"nepodesan";;1
"nepoštenje";;1
"nepouzdan";;1
"nepovjerljiv";;1
"nepravedno";;1
"nepravilnost";;1
"nepristojnost";;1
"nesumnjiv";1;
"nesvjestan";;1
"neuredno";;1
"neuspeh";;1
"neustrašiv";1;
"neverstvo";;1
"nevezano";1;
"nevin";1;
"nevoljan";;1
"nezreo";;1
"ništavilo";;1
"nitkov";;1
"nizbrdo";;1
"novac";1;
"obavezati";;1
"obdariti";1;
"obećanje";1;
"obilan";1;
"obiman";1;
"oblak";;1
"obnoviti";1;
"obožavalac";1;
"obožavanje";1;
"obrambeni";;1
"obrtnik";1;
"odgoditi";;1
"odgovor";;1
"odgovoran";1;
"odlaganje";;1
"odoljeti";;1
"odskočiti";;1
"odstupanje";;1
"odvod";;1
"oficir";1;
"okrijepiti";1;
"okupacija";1;
"olakšati";1;
"olovo";1;
"omalovažavati";;1
"opadanje";;1
"opasan";;1
"opisni";1;
"opomena";;1
"opravdano";1;
"ordinacija";1;
"osakaćen";;1
"osigurati";1;
"osnovni";1;
"osoben";1;
"osobenost";1;
"osvajač";;1
"otečen";;1
"otkopčati";;1
"ovaploćenje";1;
"oženiti";1;
"oženjen";1;
"ozlojeđenost";;1
"padanje";;1
"paklen";;1
"pakleno";;1
"palikuća";;1
"partizanski";;1
"pasti";;1
"pastuv";1;
"patrijarhalan";1;
"patriotski";1;
"paun";1;
"pažljiv";1;
"penjanje";;1
"pesimizam";;1
"pištolj";;1
"pjevati";1;
"plač";;1
"plakati";;1
"plamen";;1
"pljačkaš";;1
"plodno";1;
"pobiti";;1
"podčinjen";;1
"podsmijeh";;1
"podvala";;1
"pogoditi";;1
"pogon";;1
"pogoršati";;1
"pogriješiti";;1
"pohlepan";;1
"pojačanje";1;
"pojedinačno";1;
"poklopac";;1
"pokop";;1
"pokopan";;1
"pokretač";1;
"pokriven";;1
"pokvaren";;1
"polako";;1
"pomahnitao";;1
"pomirenje";1;
"ponekad";;1
"poniženje";;1
"poniziti";;1
"popravak";1;
"poreći";;1
"poštenje";1;
"postojan";1;
"posvećenje";1;
"potera";;1
"potkrepiti";1;
"potlačiti";;1
"potop";;1
"potpunost";1;
"povrediti";;1
"poznati";1;
"poznavalac";1;
"požuda";;1
"prah";;1
"prašina";;1
"pravičan";1;
"pravičnost";1;
"predah";1;
"predavanje";;1
"predsednica";1;
"licemeran";;1
"ljepota";1;
"ljigav";;1
"ljubazan";1;
"lojalan";1;
"lojalnost";1;
"loše";;1
"lovljenje";;1
"ludiranje";1;
"ludost";;1
"luksuzan";1;
"maca";1;
"magarac";;1
"malaksao";;1
"malobrojnost";;1
"mandarina";1;
"mangup";;1
"manipulacija";;1
"marš";1;
"maskiranje";;1
"materinstvo";1;
"mekan";;1
"milost";1;
"misteriozno";;1
"mješavina";1;
"mlak";;1
"mljackanje";;1
"model";1;
"molitva";1;
"moment";1;
"motiv";1;
"mrak";;1
"mrcina";;1
"mrtvačnica";;1
"mrvica";;1
"mučiti";;1
"mudrost";1;
"muf";;1
"muževan";1;
"nada";1;
"naglasiti";1;
"naglo";;1
"nakaza";;1
"naklonjen";1;
"namenjen";1;
"napraviti";;1
"napredak";1;
"napredovati";1;
"nasilje";;1
"nasilno";;1
"nastojati";1;
"navika";;1
"nečistoća";;1
"nečujan";;1
"nedostatak";;1
"nedovoljan";;1
"nega";1;
"negativno";;1
"negodovanje";;1
"neiskusan";;1
"neizbežan";;1
"neizbežno";;1
"neizbježan";;1
"nektar";1;
"nemir";;1
"nemoralan";;1
"nenadmašan";1;
"neobjašnjiv";;1
"neopran";;1
"neopravdano";;1
"neoprezan";;1
"neosetljiv";1;
"neosnovan";;1
"neoženjen";;1
"neplaćen";;1
"nepopularan";;1
"nepopustljiv";;1
"nepošten";;1
"nepoštovanje";;1
"nepotrebno";;1
"nepotvrđen";;1
"nepoznat";;1
"neprijatno";;1
"nerado";;1
"nerazumljiv";;1
"nervozan";;1
"nesigurnost";;1
"nesmotrenost";;1
"nesporazum";;1
"nesposobnost";;1
"nespretan";;1
"nestalnost";;1
"nestašluk";;1
"nestrpljenje";;1
"nesvjesno";;1
"neugodnost";;1
"neujednačen";;1
"neuljudan";;1
"neumitno";;1
"neupotrebljiv";;1
"neuspešno";;1
"neverovatno";1;
"nevinost";1;
"nevjerovatan";;1
"nevjesta";1;
"nezadovoljavajući";;1
"nezahvalno";;1
"nezgodan";;1
"neznanje";;1
"nijem";1;
"nivo";1;
"njegovati";1;
"nos";;1
"nužnik";;1
"obaranje";;1
"obaveza";;1
"obavezan";;1
"obilno";1;
"objašnjenje";;1
"obnova";1;
"oboljenje";;1
"oboren";;1
"obrastao";;1
"obrazovan";1;
"obuzet";1;
"očajan";;1
"očajnički";;1
"očistiti";1;
"odabran";1;
"odbijajući";;1
"odijelo";;1
"odlučnost";1;
"odricanje";;1
"odsustvo";;1
"odsutan";;1
"odugovlačiti";;1
"oduševljenje";1;
"odvojen";;1
"odvratan";;1
"ognjište";1;
"ograničiti";;1
"ohol";;1
"ohrabrenje";1;
"okrutan";;1
"okupirati";1;
"oluja";;1
"omogućiti";1;
"opaliti";;1
"opaziti";1;
"opipljiv";1;
"opozicija";;1
"opravdanje";1;
"opreznost";1;
"opustošiti";;1
"oslobođen";;1
"ostavka";;1
"oštro";;1
"osuditi";;1
"osvetoljubiv";;1
"otežavajući";;1
"oticanje";;1
"otkriti";1;
"otrov";;1
"padati";;1
"pakao";;1
"pamet";1;
"parnica";;1
"parnični";;1
"partner";1;
"patetičan";;1
"patnja";;1
"pedantski";;1
"pepeo";;1
"perturbacija";;1
"pilula";1;
"pjena";;1
"plaćanje";;1
"plačući";;1
"plahovit";;1
"plata";1;
"plijen";;1
"plivati";1;
"pljuvati";;1
"pobeda";1;
"pobednik";1;
"pobedonosan";1;
"pobjednički";1;
"pobuna";;1
"pobunjenik";;1
"podmetanje";;1
"lažljivac";;1
"licemjer";;1
"liga";1;
"lirski";1;
"ljubavnik";1;
"ljubaznost";1;
"lupanje";;1
"lutka";;1
"mahnit";;1
"major";1;
"mama";;1
"manija";;1
"mast";;1
"materijalista";;1
"maziti";1;
"medicinski";1;
"mek";1;
"melem";1;
"melodrama";;1
"mesingan";;1
"mir";1;
"miris";;1
"mirisanje";;1
"mirno";1;
"moć";1;
"momak";1;
"monah";1;
"monumentalan";1;
"moralno";1;
"mrzak";;1
"mrzovoljan";;1
"mucanje";;1
"mučenje";;1
"mudro";1;
"nadahnut";1;
"nadahnuti";1;
"nadir";;1
"nadmašiti";1;
"nadoknada";1;
"nadoknaditi";1;
"nagao";;1
"nagrada";1;
"nakresan";;1
"nametanje";;1
"namjeran";1;
"napipavati";;1
"naplata";;1
"napredan";1;
"naprijed";1;
"napuštanje";;1
"naricati";;1
"naročito";1;
"naslov";1;
"nasmejan";1;
"nastaviti";1;
"navodno";;1
"nečovječno";;1
"nedostojan";;1
"negacija";;1
"negovati";1;
"neiskren";;1
"neispravan";;1
"neistinit";;1
"nelagodno";;1
"nemilosrdan";;1
"neodlučan";;1
"neograničen";1;
"neopravdan";;1
"neosjetljiv";;1
"nepovrijeđen";1;
"nepravda";;1
"nepremostiv";;1
"neprikladan";;1
"neprimjetan";;1
"nepristrasan";1;
"nepristrasnost";1;
"nepromjenljiv";;1
"neproziran";;1
"nerealan";;1
"neriješen";;1
"nerv";1;
"neslaganje";;1
"nespretno";;1
"nestašica";;1
"nesvestan";;1
"neučtiv";;1
"neudobno";1;
"neuk";;1
"neuspjeh";;1
"nevažan";;1
"neverovatno";;1
"nevolja";;1
"nezainteresovan";;1
"nezavršen";;1
"nosač";1;
"novinar";1;
"obilježen";1;
"objasniti";1;
"objesiti";;1
"oblik";1;
"obnavljanje";1;
"obveznik";;1
"očaran";1;
"očekivanje";1;
"odabrati";1;
"odanost";1;
"odbačen";;1
"odbrana";1;
"odgoda";;1
"odlazak";;1
"odlika";1;
"odlučan";1;
"odoleti";;1
"određeno";1;
"oduševiti";1;
"oduzimanje";;1
"ogorčenje";;1
"ogranak";1;
"ogromno";1;
"ohrabriti";1;
"ojačan";;1
"oklop";1;
"omča";;1
"onesposobiti";;1
"opijen";;1
"opijenost";;1
"opor";;1
"opozvati";;1
"oprez";;1
"optužba";;1
"organizovati";1;
"osiguran";1;
"oskudica";;1
"oslonac";1;
"osnažiti";1;
"osnova";;1
"osobito";;1
"osoran";;1
"osramoćen";;1
"oštećen";;1
"oštrina";1;
"ostvaren";1;
"osvetnik";;1
"otkrivanje";1;
"otpadnik";;1
"otrgnuti";;1
"otuđiti";;1
"otvorenost";1;
"ovlašćenje";1;
"ozbiljno";1;
"ozloglašen";;1
"pacov";;1
"palež";;1
"pametan";1;
"panj";;1
"paprikaš";;1
"paralizovan";;1
"parcela";;1
"parodija";;1
"pašnjak";1;
"pauza";;1
"pažljivost";1;
"pečat";1;
"pena";;1
"pijanstvo";;1
"piknik";1;
"pionir";1;
"pješak";;1
"pjevušiti";;1
"plaća";1;
"plakanje";;1
"plemenit";1;
"plivajući";1;
"pljeva";;1
"plodan";1;
"plovidba";1;
"pobediti";1;
"pobjednik";1;
"poboljšanje";1;
"pobožan";1;
"pobožnost";1;
"podcjenjivati";;1
"podjela";;1
"podloga";1;
"podložan";;1
"podnijeti";1;
"podrediti";;1
"podugačak";;1
"pogan";;1
"pogodba";1;
"pogođen";;1
"pogreb";;1
"pogrešno";;1
"pojam";1;
"kukavičluk";;1
"kult";;1
"kulučenje";;1
"kvalifikovati";1;
"labav";;1
"lepota";1;
"lepršati";;1
"leti";1;
"limun";;1
"lira";1;
"lisica";;1
"list";1;
"ljubimac";;1
"ljuska";;1
"ljuto";;1
"lov";;1
"lovac";;1
"ludak";;1
"ludilo";;1
"luksuz";1;
"mače";1;
"magičan";1;
"magla";;1
"majstor";1;
"malenkost";;1
"mamac";;1
"manje";;1
"manjina";;1
"mar";;1
"maršal";1;
"masan";;1
"maslina";1;
"materija";1;
"melanholičan";;1
"mesar";;1
"mesnat";;1
"metropola";1;
"migoljiti";;1
"milosrđe";1;
"ministarstvo";1;
"miran";1;
"mirisan";1;
"mladoženja";1;
"mlakonja";;1
"mlijeko";;1
"moda";;1
"molba";;1
"moreuz";;1
"mračan";;1
"mračno";;1
"mrlja";;1
"mrziti";;1
"mumljati";;1
"muško";1;
"nadležan";1;
"naivan";;1
"najam";1;
"napet";;1
"napolju";1;
"nasmijan";1;
"nastran";;1
"navijati";1;
"navod";;1
"nečujno";;1
"nehotično";;1
"neispunjen";;1
"neizreciv";;1
"nejednak";;1
"nelogično";;1
"nemarnost";;1
"nemoćan";;1
"nemogućnost";;1
"neobjavljen";;1
"neobrazovan";;1
"neodređenost";;1
"neosporan";1;
"nepobitan";1;
"nepogrešivost";1;
"nepomično";;1
"nepomirljiv";;1
"neposlušnost";;1
"nepotreban";;1
"nepovjerenje";;1
"nepovratan";;1
"nepravilan";;1
"neprekidno";;1
"neprijatan";;1
"neprilika";;1
"neprobojan";1;
"nered";;1
"nesanica";;1
"nesavladiv";1;
"nesmotren";;1
"nestao";;1
"nestati";;1
"nesvesno";;1
"netačan";;1
"netolerantan";;1
"neugodan";;1
"neumoljivo";;1
"neupotreba";;1
"nevažeći";;1
"nevernik";;1
"nevezan";1;
"nevjera";;1
"nevoljnost";;1
"nezanimljiv";;1
"nezapažen";;1
"nezdrav";;1
"nikakav";;1
"ništa";;1
"niz";1;
"nosilac";;1
"novina";1;
"novost";1;
"obećavajući";1;
"obeležje";1;
"objektivan";1;
"obličje";;1
"obmana";;1
"oboriti";;1
"obuzdati";;1
"obziran";1;
"očekivan";1;
"odbijanje";;1
"odbiti";;1
"odličan";1;
"odnos";1;
"odobravanje";1;
"odobren";1;
"odobrenje";1;
"odred";;1
"odsustvovanje";;1
"odugovlačenje";;1
"odvojeno";;1
"odvratno";;1
"ogorčen";;1
"ograničavanje";;1
"ogrebotina";;1
"oklevanje";;1
"oklijevanje";;1
"okretnost";1;
"omalovažavanje";;1
"omalovažiti";;1
"ometati";;1
"operski";;1
"opijat";;1
"opijum";;1
"oplakivati";;1
"opominjući";;1
"opravdan";1;
"opremiti";;1
"oproštaj";1;
"opsada";;1
"optuženik";;1
"optužiti";;1
"organizovan";1;
"oskudno";;1
"oslabljen";;1
"ospice";;1
"osramotiti";;1
"osvetljenje";1;
"osvjetljenje";1;
"otegnut";;1
"otkaz";;1
"otkazati";;1
"otmica";;1
"otpor";;1
"otpuštanje";;1
"otvor";;1
"otvoreno";1;
"ožalošćen";;1
"ožiljak";;1
"ozlijediti";;1
"pahuljica";;1
"pakostan";;1
"pan";;1
"pao";;1
"paprika";1;
"paraliza";;1
"pasivno";;1
"pat";;1
"patiti";;1
"pecivo";1;
"pešak";;1
"peta";;1
"pijanka";;1
"pijavica";;1
"pir";1;
"pisar";1;
"pitak";1;
"piti";;1
"pjesma";1;
"plemić";1;
"plemstvo";1;
"plen";;1
"lažov";;1
"lečenje";1;
"leden";;1
"legendaran";1;
"lek";1;
"lenj";;1
"leteći";1;
"licemer";;1
"liječnik";1;
"lijen";;1
"livada";1;
"ljepljiv";;1
"ljubav";1;
"ljubavnica";;1
"ljut";;1
"logično";1;
"luda";;1
"lukavost";1;
"lupati";;1
"lutalica";;1
"majstorski";1;
"malarija";;1
"malo";;1
"manipulirati";;1
"matrona";1;
"međusobno";1;
"milosrdan";1;
"milostiv";1;
"minimum";;1
"mišićni";1;
"mlada";1;
"modrica";;1
"moralan";1;
"moždani";1;
"mraz";;1
"mrgodan";;1
"mrmljanje";;1
"mrtav";;1
"mrtvački";;1
"mrzeti";;1
"mržnja";;1
"mučen";;1
"mučenik";;1
"muka";;1
"mutan";;1
"muzika";1;
"nadvladati";;1
"nagnati";;1
"nametljivac";;1
"nametnuti";;1
"naočit";1;
"naopako";;1
"napetost";;1
"napor";1;
"napredovanje";1;
"napuhan";;1
"napuknut";;1
"napuniti";1;
"narav";1;
"nasilnik";;1
"naspram";;1
"nastavak";1;
"nastavnik";1;
"nastranost";;1
"nastup";;1
"nažalost";;1
"nebriga";;1
"nečitak";;1
"nečuven";;1
"nedirnut";;1
"nedoslednost";;1
"nedostižan";;1
"nedovršen";;1
"negostoljubiv";;1
"neistina";;1
"neizmjeran";1;
"neizvjestan";;1
"nejasan";;1
"nekažnjen";;1
"nelogičan";;1
"nemaran";;1
"nematerijalan";;1
"nemoć";;1
"neobičan";;1
"neodlučnost";;1
"neorganizovan";;1
"nepismen";;1
"nepodnošljiv";;1
"nepopravljiv";;1
"nepotpunost";;1
"nepoverenje";;1
"nepovoljan";;1
"nepravedan";;1
"nepravilno";;1
"neprekinut";1;
"neprijateljstvo";;1
"neprijatnost";;1
"neprirodan";;1
"nerešeno";;1
"nervoza";;1
"nesalomljiv";1;
"nesavršeno";;1
"nesposoban";;1
"nesrećan";;1
"nesretan";;1
"nesretnik";;1
"nestrpljiv";;1
"nesvestica";;1
"neukusan";;1
"neuredan";;1
"nevidljiv";;1
"nevino";1;
"nevjeran";;1
"nevjerovanje";;1
"nevoljen";;1
"nezadovoljan";;1
"nezahvalan";;1
"nezakonit";;1
"nezakonito";;1
"nežan";1;
"nezaštićen";;1
"nezgrapan";;1
"niže";;1
"nositi";;1
"obala";1;
"obdaren";1;
"obilovati";1;
"objekt";;1
"obožavati";1;
"obrisati";;1
"obučen";1;
"obustava";;1
"obustaviti";;1
"očajanje";;1
"očekivati";1;
"odan";1;
"odbaciti";;1
"odbacivanje";;1
"odlučno";1;
"odmazda";;1
"odmor";1;
"odobriti";1;
"odstupati";;1
"odsutnost";;1
"oduševljen";1;
"oduzeti";;1
"odvojiti";;1
"odvratnost";;1
"ogorčeno";;1
"ogorčenost";;1
"ograničen";;1
"ogrepsti";;1
"ojačati";1;
"okovati";;1
"okrutnost";;1
"ometen";;1
"opao";;1
"opasnost";;1
"opera";1;
"opovrgnuti";;1
"opravdati";1;
"oprostiti";1;
"opsežan";1;
"opstanak";1;
"opterećen";;1
"optimizam";1;
"organizirati";1;
"organski";1;
"originalnost";1;
"ormar";1;
"oronuo";;1
"osamljen";;1
"osiguranje";1;
"osposobiti";1;
"ostvarljiv";1;
"osuda";;1
"osuđenik";;1
"osujetiti";;1
"osveta";;1
"oteti";;1
"otežan";;1
"otkriće";1;
"otrovan";;1
"ozbiljan";1;
"pacijent";1;
"panika";;1
"parničar";;1
"pastir";1;
"patriota";1;
"patron";1;
"pažljivo";1;
"loš";;1
"lud";;1
"manijak";;1
"marljiv";1;
"marljivo";1;
"marljivost";1;
"materijalizam";;1
"mazga";;1
"medalja";1;
"meditativan";1;
"medvjed";;1
"mentor";1;
"metodički";1;
"milovati";1;
"mirovanje";;1
"misteriozan";;1
"mizeran";;1
"mladež";1;
"mlitav";;1
"močvaran";;1
"modar";;1
"moderan";1;
"mokar";;1
"mokraća";;1
"monotonija";;1
"moral";1;
"more";1;
"mućkati";;1
"mudar";1;
"mulj";;1
"muški";1;
"muškost";1;
"nabusit";;1
"nadležnost";1;
"nadutost";;1
"nametati";;1
"napad";;1
"napadač";;1
"napasti";;1
"naporan";;1
"napustiti";;1
"nebeski";1;
"nebo";1;
"nedovoljno";;1
"negativan";;1
"neizvestan";;1
"nelagodan";;1
"nemoralnost";;1
"neobrađen";;1
"neobučen";;1
"neodobravanje";;1
"neodređeno";;1
"nepažnja";;1
"neposlušan";;1
"nepoverljiv";;1
"nepredviđen";;1
"neprestano";;1
"neprijatelj";;1
"neprijateljski";;1
"nepristupačan";;1
"nepromenljiv";;1
"nepromišljen";;1
"nesebičan";1;
"nesreća";;1
"nesređen";;1
"nestalan";;1
"nestrpljivost";;1
"nesuglasica";;1
"nesvjestica";;1
"neudoban";;1
"neverovatan";;1
"nevjernik";;1
"nezadovoljstvo";;1
"nezavisnost";1;
"njuška";;1
"nosila";;1
"nož";;1
"oaza";1;
"obdukcija";;1
"obeshrabriti";;1
"oblačan";;1
"obnovljen";1;
"obogatiti";1;
"obol";;1
"obrazovati";1;
"očaj";;1
"očajno";;1
"očigledan";1;
"odbijen";;1
"odgovaranje";;1
"odložiti";;1
"odricati";;1
"odšteta";1;
"odstupiti";;1
"odustati";;1
"odvjetnik";;1
"odvratiti";;1
"ogovaranje";;1
"ogroman";1;
"okretan";1;
"olakšanje";1;
"olupina";;1
"opak";;1
"opasno";;1
"opčiniti";1;
"opljačkati";;1
"opraštati";1;
"optimista";1;
"organizacija";1;
"orkestar";1;
"oskudan";;1
"osmeh";1;
"osmijeh";1;
"osrednji";;1
"oštetiti";;1
"ostvariti";1;
"osvežavajući";1;
"otežavati";;1
"otrcan";;1
"ovrha";;1
"ozlojeđen";;1
"papa";1;
"paradoks";;1
"paradoksalan";;1
"parazit";;1
"pariti";1;
"pastor";1;
"pažnja";1;
"pećina";;1
"perverzija";;1
"pevati";1;
"pijesak";;1
"pisac";1;
"plagijat";;1
"planiranje";1;
"plašljivo";;1
"pljesak";1;
"pljunuti";;1
"plovan";1;
"pobijanje";;1
"pobijediti";1;
"pobjeda";1;
"poboljšati";1;
"pobuditi";1;
"podizanje";1;
"podmetnut";;1
"podmukao";;1
"podsticati";;1
"podvrgnuti";;1
"poetičan";1;
"pogoršanje";;1
"pogrdan";;1
"pohlepa";;1
"pohvaliti";1;
"pokrivač";;1
"policajac";1;
"pomiješan";;1
"pomiriti";1;
"poništiti";;1
"ponor";;1
"populacija";1;
"popularan";1;
"poricati";;1
"poseta";;1
"poslastica";1;
"poslužitelj";1;
"posredan";;1
"pošten";1;
"postignuće";1;
"posumnjati";;1
"posvjedočiti";1;
"potčinjavanje";;1
"poticati";;1
"potišten";;1
"potpun";1;
"potrošen";;1
"povećati";1;
"poveren";1;
"poverljiv";1;
"povjerenje";1;
"povoljan";1;
"povraćanje";;1
"površan";;1
"požar";;1
"pozdraviti";1;
"pravedan";1;
"pravilnost";1;
"precenjen";;1
"predavač";1;
"predostrožnost";1;
"predstaviti";1;
"predstavljati";;1
"preduzimljiv";1;
"predvidjeti";1;
"pregrada";;1
"preklinjanje";1;
"prekomjeran";;1
"prelep";1;
"prenošenje";1;
"preokret";;1
"prepreka";;1
"prepuno";;1
"presladak";1;
"preštampati";;1
"prestanak";;1
"presti";1;
"presto";1;
"prestrašen";;1
"prethodno";1;
"pretvoriti";1;
"pričati";1;
"prijateljstvo";1;
"prikriven";;1
"primirje";1;
"primjer";1;
"primljen";1;
"pripjev";1;
"pristalica";1;
"pristanak";1;
"pritoka";1;
"pritvor";;1
"prividan";;1
"privilegovan";1;
"prodavnica";1;
"progoniti";;1
"prohtjev";;1
"proizvođač";1;
"prokletstvo";;1
"prolazan";;1
"promisao";1;
"promjenljiv";1;
"promukao";;1
"propast";;1
"propovijed";1;
"propuštanje";;1
"proročanstvo";1;
"prosjačenje";;1
"prosjak";;1
"protekcija";1;
"protivan";;1
"prozračan";;1
"puška";;1
"puškarnica";;1
"pustolovan";1;
"racionalno";1;
"radije";1;
"radikalno";;1
"rastjerati";;1
"rat";;1
"ratni";;1
"ravnodušan";;1
"ravnodušnost";;1
"razlog";1;
"razumno";1;
"reakcionaran";;1
"realno";1;
"reformator";1;
"reljef";1;
"renesansa";1;
"reumatizam";;1
"revolucionar";1;
"revolucionarno";1;
"rezanje";;1
"režanje";;1
"riješiti";1;
"rizik";;1
"rječit";1;
"rođenje";1;
"rodoljub";1;
"runo";;1
"rupa";;1
"rušenje";;1
"sahrana";;1
"sanjiv";;1
"saučešće";1;
"šav";;1
"savest";1;
"savetovati";1;
"saveznik";1;
"savjest";1;
"šećer";1;
"seckati";;1
"šema";;1
"sentimentalnost";1;
"servilan";;1
"sigurno";1;
"sigurnost";1;
"siktanje";;1
"šiljast";;1
"šire";;1
"siromašan";;1
"sivkast";;1
"skela";;1
"skladno";1;
"sklonište";1;
"skovati";1;
"skrivanje";;1
"skriven";;1
"skrnavljenje";;1
"skromno";1;
"skromnost";1;
"slabo";;1
"slabost";;1
"slava";1;
"slep";;1
"slepo";;1
"sloga";1;
"sluga";;1
"smeće";;1
"smiren";1;
"smrtno";;1
"smrtonosan";;1
"socijalistički";;1
"solidarnost";1;
"sparan";1;
"spasavanje";1;
"spasenje";1;
"spasiti";1;
"spektar";;1
"spekulacija";;1
"špilja";;1
"spor";;1
"sporo";;1
"spreman";1;
"spretan";1;
"sretno";1;
"staratelj";1;
"statua";1;
"stereotipan";;1
"šteta";;1
"štetan";;1
"stražar";1;
"stražnji";;1
"strog";;1
"strogost";;1
"stud";1;
"sudac";1;
"sumnja";;1
"sunce";1;
"suočiti";;1
"suprug";1;
"supruga";1;
"susjed";1;
"svesti";;1
"svetlo";1;
"svetost";1;
"svjetlost";1;
"tačnost";1;
"talac";;1
"tamjan";;1
"teror";;1
"tiranija";;1
"tiranin";;1
"titula";1;
"toalet";;1
"traćiti";;1
"transparentan";1;
"trava";;1
"trom";;1
"tumaralo";;1
"turoban";;1
"tužilac";;1
"ubediti";1;
"ubijen";;1
"ubilački";;1
"ubrzano";1;
"učtiv";1;
"udaranje";1;
"udariti";;1
"udvaranje";1;
"ukidanje";;1
"ukrasti";;1
"ukusno";1;
"uljepšati";1;
"uljez";;1
"umiriti";1;
"umjetnički";1;
"umorno";;1
"umrijeti";;1
"unakažen";;1
"unaprijed";1;
"univerzitet";1;
"uplašiti";;1
"uš";;1
"podmladiti";1;
"poginuo";;1
"poglavica";1;
"pogodan";1;
"pogrešiv";;1
"pohvalan";1;
"pokajan";;1
"pokroviteljski";;1
"policija";1;
"polirati";1;
"pomilovanje";1;
"pomoć";1;
"pomračen";;1
"poniznost";1;
"pop";;1
"popularnost";1;
"poražavajući";;1
"poremećaj";;1
"porez";;1
"porobljen";;1
"poseban";1;
"posjedovati";1;
"posramiti";;1
"posrnuti";;1
"poštovanje";1;
"posvojiti";1;
"potisni";;1
"potisnuti";;1
"potraga";1;
"potresen";1;
"potvrdan";1;
"potvrđen";1;
"poučiti";1;
"poverenje";1;
"povratan";1;
"površno";;1
"poznat";1;
"praksa";1;
"prašnjav";;1
"pratnja";1;
"pravedno";1;
"prazan";;1
"prazno";;1
"prečišćavanje";1;
"predaja";;1
"predanost";1;
"predlog";1;
"prednji";1;
"prednost";1;
"predsednik";1;
"predstojeći";1;
"predvideti";1;
"prekrasno";1;
"preobražaj";1;
"prepiska";1;
"preplavljen";;1
"preteran";;1
"preterano";;1
"prethodan";1;
"pretjeran";;1
"pretjerati";;1
"pretjerivati";;1
"pretpostaviti";1;
"pretrpati";;1
"pretvaranje";;1
"prevaliti";;1
"prevući";;1
"preziran";;1
"prezriv";;1
"pribranost";1;
"prijatan";1;
"prijateljski";1;
"prije";1;
"prijeteći";;1
"prilog";1;
"primamiti";1;
"primanje";1;
"pripremljen";1;
"pristajanje";1;
"pristojba";;1
"pristrasnost";;1
"prisutnost";1;
"privilegija";1;
"privremen";;1
"prljavo";;1
"produžen";;1
"profesor";1;
"progon";;1
"progresivan";1;
"promućkati";;1
"propadanje";;1
"prorok";1;
"prospekt";1;
"prostitucija";;1
"prostitutka";;1
"protjerati";;1
"pružiti";1;
"prvenstvo";1;
"puknuti";;1
"pušač";;1
"pustinja";;1
"puten";;1
"putujući";1;
"računanje";;1
"radovati";1;
"rafinirati";1;
"raj";1;
"rakija";;1
"rame";1;
"rasadnik";1;
"ratoboran";;1
"razblažiti";;1
"razbojnik";;1
"razborit";1;
"razdeliti";;1
"razjarenost";;1
"razlika";1;
"raznolikost";1;
"razočaranje";;1
"razoružati";;1
"razrez";;1
"razvod";;1
"reforma";1;
"reparacija";1;
"retorika";;1
"rez";;1
"rob";;1
"Rob";;1
"romantika";1;
"roptati";;1
"rubrika";1;
"ruganje";;1
"rutina";1;
"saglasan";1;
"šaka";;1
"šamar";;1
"samilost";1;
"samovoljan";;1
"sastavljen";1;
"sasvim";;1
"savijen";;1
"savršen";1;
"savršenstvo";1;
"sekret";;1
"sekretarijat";1;
"seljak";1;
"serum";1;
"siguran";1;
"šik";1;
"sila";;1
"simetrija";1;
"sinkopa";;1
"siroče";;1
"sitno";;1
"skandal";;1
"škrto";;1
"skup";;1
"skupština";1;
"slavljenje";1;
"slavoljubiv";1;
"sljedeći";1;
"slobodan";1;
"slomiti";;1
"sluh";;1
"smanjenje";;1
"smijeh";1;
"smjeran";1;
"smotati";;1
"snažno";1;
"snishodljiv";;1
"sonata";1;
"sorta";1;
"špijun";;1
"spriječiti";;1
"spuštanje";;1
"srž";1;
"stabilnost";1;
"stanje";;1
"stas";1;
"status";1;
"štedljiv";1;
"stidljivost";;1
"stijena";1;
"štos";;1
"stradanje";;1
"strahovito";1;
"strašljiv";;1
"straža";1;
"studija";1;
"stvar";1;
"stvarno";1;
"sud";;1
"pokrov";;1
"pomaganje";1;
"pomama";;1
"pomoći";1;
"pomračiti";;1
"ponuda";1;
"popustljivost";1;
"porazan";;1
"posjetiti";1;
"posljedica";;1
"poslušnost";1;
"posrnuo";;1
"poštovan";1;
"posveta";1;
"posvetiti";1;
"poteškoća";;1
"potopiti";;1
"potopljen";;1
"potpetica";;1
"potvrđivanje";1;
"povećan";1;
"povjetarac";1;
"povoljno";1;
"povređen";;1
"pozdrav";1;
"pozlaćen";;1
"požudan";;1
"pozvati";1;
"prastar";1;
"pravopis";1;
"praznina";;1
"precizan";1;
"predmet";;1
"preinačiti";1;
"prekršiti";;1
"prepad";;1
"preprečiti";;1
"prestati";;1
"presuda";;1
"pretežan";1;
"prevladati";1;
"prevrtanje";;1
"prezadužen";;1
"preživeti";1;
"pričest";1;
"primorati";;1
"princ";1;
"pripev";1;
"pristojan";1;
"pristupačan";1;
"prividno";;1
"progresija";1;
"proklet";;1
"proljetni";1;
"promišljenost";1;
"pronalazač";1;
"propust";;1
"propustiti";;1
"prositi";;1
"prostački";;1
"prosvetiti";1;
"proteran";;1
"protest";;1
"protresti";;1
"proždrljivost";;1
"psalm";1;
"psovka";;1
"pucanj";;1
"pucanje";;1
"pučina";;1
"puzav";;1
"računati";1;
"rado";1;
"radost";1;
"radovanje";1;
"rak";;1
"raskol";;1
"raspolaganje";;1
"rastavljen";;1
"ratarstvo";1;
"ratovanje";;1
"ravnomjerno";1;
"razbacan";;1
"razboj";;1
"razmena";1;
"razno";;1
"razočaran";;1
"razvrstati";1;
"reč";1;
"reporter";1;
"rijetko";;1
"rod";1;
"rodbina";1;
"rulja";;1
"ruševina";;1
"ružno";;1
"sag";;1
"saglasnost";1;
"salon";;1
"šampion";1;
"saradnik";1;
"sarkazam";;1
"savesno";1;
"savet";1;
"savitljivost";1;
"sažaljenje";;1
"senzacionalan";1;
"shvatanje";;1
"sijed";;1
"simpatija";1;
"šištanje";;1
"sjaj";1;
"skakavac";;1
"skepticizam";;1
"škodljiv";;1
"skrnaviti";;1
"slab";;1
"slabašan";;1
"slabašno";;1
"sladak";1;
"slatko";1;
"slavan";1;
"slaviti";1;
"šljiva";1;
"šljokica";1;
"sloboda";1;
"slom";;1
"slomljen";;1
"složenost";;1
"smanjen";;1
"smanjiti";;1
"smetnja";;1
"smirenost";1;
"smrad";;1
"solidan";1;
"spaliti";;1
"spaljivanje";;1
"špijunaža";;1
"spisak";1;
"sporan";;1
"sporazum";1;
"spržen";;1
"sramota";;1
"stanovnik";1;
"starudija";;1
"stečaj";;1
"stojeći";1;
"strava";;1
"strmoglav";;1
"stručnjak";1;
"stvaran";1;
"suh";;1
"sumaglica";;1
"sumpor";;1
"sunčan";1;
"sup";;1
"šupak";;1
"surov";;1
"sušiti";;1
"suspendovati";;1
"suština";1;
"svađa";;1
"svadba";1;
"svećenik";1;
"svesno";;1
"svestran";1;
"svjetina";;1
"svjež";1;
"svojstven";;1
"svrab";;1
"takt";1;
"talent";1;
"talisman";1;
"taman";;1
"tegoban";;1
"tele";1;
"teorijski";1;
"tepati";;1
"terevenka";;1
"terorisati";;1
"tlo";;1
"tresenje";;1
"trezvenost";1;
"trofej";1;
"trzaj";;1
"tvrdnja";;1
"ubedljiv";1;
"ubistvo";;1
"ublažiti";1;
"učen";1;
"udoban";1;
"uglađenost";1;
"ugledan";1;
"ugodan";1;
"ugodnost";1;
"ukinuti";;1
"pliš";1;
"plodnost";;1
"pobijati";;1
"podalje";;1
"podijeliti";;1
"pohotan";1;
"pohvala";1;
"pojas";;1
"pokajanje";;1
"pokojni";;1
"pokolj";;1
"pokoravanje";;1
"pokrovitelj";1;
"polet";1;
"poljoprivreda";1;
"poludeo";;1
"pomoćnik";1;
"pomodan";1;
"pomor";;1
"ponos";1;
"popraviti";1;
"popravljanje";1;
"popustljiv";1;
"poremećen";;1
"poricanje";;1
"porobiti";;1
"posebno";;1
"posetilac";1;
"posjed";;1
"posjet";;1
"posjetilac";1;
"poskok";;1
"posmatrač";1;
"post";;1
"postupak";1;
"posvećen";1;
"potreban";;1
"potres";;1
"potvrditi";1;
"poučan";1;
"pouzdanost";1;
"poveriti";1;
"povreda";;1
"povučen";;1
"poza";;1
"požudno";;1
"prasak";;1
"prašak";;1
"pratilac";1;
"pravda";1;
"pravnik";1;
"predsjednik";1;
"predviđanje";1;
"pregovarati";1;
"prekid";;1
"premazati";;1
"preplaviti";;1
"preporučiti";1;
"preporuka";1;
"preskočiti";;1
"prestupnik";;1
"presudan";1;
"pretopiti";1;
"preuveličavati";;1
"prevaren";;1
"prezir";;1
"preživjeti";1;
"pridružiti";1;
"prihvatanje";1;
"prihvatiti";1;
"prijedlog";1;
"prijekor";;1
"prijevara";;1
"prilika";1;
"primamljiv";1;
"prinuda";;1
"prisiljavanje";;1
"prisluškivanje";;1
"pristrasan";;1
"prisutan";1;
"privlačnost";1;
"prkos";;1
"prljav";;1
"problem";;1
"proboj";;1
"prođa";1;
"prognati";;1
"progonstvo";;1
"progutati";;1
"proslavljen";1;
"proterati";;1
"provala";;1
"proždirati";;1
"proždrljiv";;1
"pružanje";1;
"publicista";;1
"pustošenje";;1
"racionalan";1;
"rad";1;
"radoznao";1;
"rajski";1;
"raspravljati";;1
"raspuštanje";;1
"ravnoteža";1;
"razbijen";;1
"razdor";;1
"razdragan";1;
"razlikovati";1;
"razmetanje";;1
"raznovrsnost";1;
"razočarati";;1
"razoran";;1
"razrijediti";;1
"razumijevanje";1;
"regulisati";1;
"rešenje";1;
"rešetka";;1
"retko";;1
"rezerva";1;
"riječ";1;
"rizično";;1
"roba";1;
"roga";;1
"romantično";1;
"ropski";;1
"rutvica";;1
"ružičast";1;
"sačuvati";1;
"salijetati";;1
"šaljiv";1;
"samopouzdanje";1;
"samoubilački";;1
"sapun";;1
"sarkastičan";;1
"šašav";;1
"sazrijevati";1;
"sebičnost";;1
"sečenje";;1
"sever";;1
"šibati";;1
"siledžija";;1
"simboličan";1;
"simfonija";1;
"sirena";;1
"siromah";;1
"sisati";;1
"sitničarski";;1
"skaradan";;1
"skeptičan";;1
"sklad";1;
"školjka";;1
"škorpija";;1
"škripanje";;1
"skulptura";1;
"slobodno";1;
"slot";;1
"slučaj";;1
"slušanje";;1
"smanjivanje";;1
"smeh";1;
"smeo";1;
"smeštaj";1;
"smetati";;1
"smiriti";1;
"smisao";1;
"smrt";;1
"smutnja";;1
"snabdevanje";1;
"snažan";1;
"spis";;1
"spojen";1;
"spokojstvo";1;
"sposoban";1;
"sposobnost";1;
"spremno";1;
"sramotno";;1
"srušiti";;1
"stablo";;1
"stajati";1;
"staložen";;1
"staloženost";1;
"stanište";1;
"štap";1;
"starješinstvo";1;
"stečen";1;
"steći";1;
"štedljivost";1;
"stepen";1;
"štetno";;1
"straćara";;1
"štrajk";;1
"penal";;1
"perjanica";1;
"perverzan";;1
"pesimista";;1
"pijavka";;1
"pik";;1
"pismo";;1
"pjesmica";1;
"plaćenik";;1
"plašljiv";;1
"plijesan";;1
"pljačka";;1
"pljusak";;1
"pobornik";1;
"pocepan";;1
"počiniti";1;
"podeliti";1;
"podići";1;
"podjednako";1;
"podnositi";1;
"podstrek";;1
"podvući";1;
"pogodno";1;
"pogrešan";;1
"pohaban";;1
"poklon";1;
"pokvariti";;1
"polemika";;1
"poljubac";1;
"pomalo";;1
"pomičan";1;
"poprsje";;1
"posedovanje";;1
"posramljen";;1
"posrednik";1;
"posredovanje";1;
"posredovati";1;
"postojanje";1;
"postojanost";1;
"potamnjeti";;1
"pouzdan";1;
"povjeriti";1;
"povlastica";1;
"povratak";;1
"poznavanje";1;
"pravni";1;
"preći";1;
"precizno";1;
"predan";1;
"predrasuda";;1
"prekršaj";;1
"premlaćivanje";;1
"preplanuo";1;
"presuditi";;1
"pretnja";;1
"prevariti";;1
"preživio";1;
"prgav";;1
"pribor";1;
"prigovor";;1
"prihvatljiv";1;
"prijatno";1;
"prijem";1;
"prijestup";;1
"prikrivanje";;1
"primitivan";;1
"princeza";1;
"prinudan";;1
"pripit";;1
"pripremiti";1;
"prisiljen";;1
"pristojnost";1;
"pritisnuti";;1
"privlačan";1;
"privrženost";1;
"prkositi";;1
"pročistiti";1;
"prodiranje";;1
"profesija";1;
"prohladan";;1
"proizvodnja";1;
"prokleti";;1
"prokurator";1;
"proliti";;1
"propaganda";;1
"propao";;1
"propasti";;1
"proširiti";1;
"proslava";1;
"prožderati";;1
"prvak";1;
"pucati";;1
"pukotina";;1
"pukovnik";1;
"pustolov";;1
"putovanje";1;
"radostan";1;
"rasan";1;
"rasipanje";;1
"raširiti";1;
"raspad";;1
"raspeće";;1
"rasprostranjen";1;
"rastući";1;
"rasvijetliti";1;
"ravno";1;
"ravnomerno";1;
"razbiti";;1
"razdijeliti";;1
"razdraganost";1;
"razdražljiv";;1
"razdvajanje";;1
"razgovor";1;
"razigran";1;
"razjasniti";1;
"razočarenje";;1
"razumljiv";1;
"redovnik";1;
"regulirati";1;
"reklamacija";1;
"republika";;1
"restauracija";1;
"revolver";;1
"rezervisan";;1
"robijati";;1
"ropstvo";;1
"ružan";;1
"sakriti";;1
"sakriven";;1
"samoubistvo";;1
"san";1;
"savjetovati";1;
"shvatiti";1;
"sijati";1;
"simpatičan";1;
"sirovo";;1
"sisa";;1
"sjenovit";;1
"skeptik";;1
"skitnica";;1
"skok";1;
"škriljac";1;
"škripa";;1
"škrt";;1
"skupo";;1
"slabljenje";;1
"slavno";1;
"šljapkati";;1
"složen";;1
"smijanje";1;
"smrdljiv";;1
"snaga";1;
"snob";;1
"snop";1;
"spokoj";1;
"sram";;1
"sreća";1;
"sredstvo";1;
"stanovanje";;1
"štene";1;
"štetočina";;1
"sticanje";1;
"stipendija";1;
"stožer";1;
"struja";1;
"stvoriti";1;
"stvrdnuti";;1
"sumnjiv";;1
"šupa";;1
"šupalj";;1
"suša";;1
"šut";;1
"šutnja";1;
"svastika";;1
"svečan";1;
"svemoguć";1;
"svesnost";1;
"sveštenik";1;
"svetac";1;
"svetački";1;
"svetlucanje";1;
"svinja";;1
"svjetlucati";1;
"tajni";;1
"talasati";;1
"taloženje";;1
"tema";1;
"temeljito";;1
"tenk";;1
"tetiva";;1
"tezga";;1
"tjelesni";;1
"usamljenost";;1
"uspostavljen";1;
"uteha";1;
"utopiti";;1
"utroba";1;
"utvara";;1
"uvjerenje";1;
"uvjerljiv";1;
"uvrediti";;1
"uvrijediti";;1
"uvući";;1
"uzbuditi";1;
"uzdah";;1
"uživanje";1;
"uzor";1;
"užurbano";;1
"vani";;1
"vanzemaljski";;1
"varati";;1
"varljiv";;1
"varvarin";;1
"vazduh";;1
"važnost";1;
"većina";1;
"vedro";1;
"vekna";;1
"veličanstven";1;
"veličanstveno";1;
"veselo";1;
"veština";1;
"veto";;1
"vez";1;
"vezanost";1;
"vibrirati";;1
"vis";1;
"više";1;
"viteštvo";1;
"vitez";1;
"vjernost";1;
"vješala";;1
"vojvoda";1;
"volovski";;1
"vozač";1;
"vračanje";;1
"vradžbina";;1
"vraški";;1
"vrijeme";;1
"vrisak";;1
"vrsta";1;
"vrt";1;
"vulkan";;1
"zaboravan";;1
"zaboraviti";;1
"začuđeno";1;
"zadatak";1;
"zadiviti";1;
"zadovoljenje";1;
"zadovoljstvo";1;
"zaglaviti";;1
"zagledati";;1
"zaglušujući";;1
"zagonetan";;1
"zainteresovan";1;
"zajednica";1;
"zakačen";;1
"zaključivanje";1;
"zakržljao";;1
"žaljenje";;1
"zalogaj";;1
"žamor";;1
"zanatlija";1;
"zanemariti";;1
"zapaljiv";1;
"zapetljan";1;
"žargon";;1
"zaslužan";1;
"zasuti";;1
"zavada";;1
"zavet";1;
"zavijati";;1
"zeleno";1;
"željeznički";;1
"željno";1;
"žetva";1;
"zgnječen";;1
"zimzelen";1;
"zip";;1
"živahan";1;
"zlatan";1;
"zlato";1;
"žlica";1;
"zlikovac";;1
"zločinac";;1
"zmaj";;1
"znanje";1;
"znatno";1;
"zrelost";1;
"zubobolja";;1
"žudan";1;
"žurba";;1
"ukrasiti";;1
"uljudan";1;
"uloviti";;1
"umirujući";1;
"unazad";;1
"uništavanje";;1
"uništen";;1
"upadljiv";;1
"upala";;1
"upasti";;1
"uplašen";;1
"uplašeno";;1
"ura";1;
"uspavanost";;1
"uspješan";1;
"uspješno";1;
"usporiti";;1
"utrnulost";;1
"utvrditi";1;
"uvala";1;
"uvenuti";;1
"uvertira";1;
"uvjeren";1;
"uvredljiv";;1
"uvrijeđen";;1
"uzaludnost";;1
"užaren";1;
"uzbuđen";1;
"uzdržljivost";;1
"uzurpirati";;1
"uzvraćati";1;
"valjanje";1;
"veće";1;
"veleizdaja";;1
"veseo";1;
"vika";;1
"vikao";;1
"vizija";1;
"vjera";1;
"vladati";1;
"vlasništvo";1;
"vodeći";1;
"vrana";;1
"vratiti";1;
"vrlina";1;
"vrtoglavica";;1
"zadovoljiti";1;
"zadruga";1;
"zahvalan";1;
"zahvaljujući";;1
"zakonit";1;
"zakupac";1;
"žaliti";;1
"žalost";;1
"zanat";1;
"zanemaren";;1
"zapaljenje";;1
"zarastao";1;
"zaraziti";;1
"zasićen";;1
"zasluga";1;
"zaslužiti";1;
"zaštititi";1;
"zatezanje";;1
"zatvor";;1
"zavjera";;1
"zbunjenost";;1
"žele";1;
"zelen";1;
"željezo";1;
"živ";1;
"živopisan";1;
"zloglasan";;1
"zlokoban";;1
"zlurad";;1
"značajno";1;
"žuč";;1
"žutica";;1
"zvezda";1;
"zvijezda";1;
"zvoniti";;1
"zvučno";1;
"suprotno";;1
"suzbijanje";;1
"svakodnevno";;1
"švercer";;1
"svestan";1;
"sveštenstvo";1;
"sveznajući";1;
"svlačenje";;1
"tajanstven";;1
"tama";;1
"tamno";;1
"taština";;1
"tava";;1
"temelj";1;
"termit";;1
"teškoća";;1
"tetka";1;
"težiti";1;
"tiranski";;1
"tmuran";;1
"tobolac";;1
"traganje";1;
"tragedija";;1
"trgovina";;1
"tron";1;
"trošak";;1
"trošan";;1
"trovanje";;1
"trudnoća";;1
"tutor";1;
"tvrditi";1;
"ubijanje";;1
"ubistven";;1
"učiniti";1;
"ugnjetač";;1
"ugroziti";;1
"uhapsiti";;1
"uhoditi";;1
"uklet";;1
"ukorenjen";1;
"ultimatum";;1
"um";1;
"umereno";1;
"umivaonik";;1
"umor";;1
"umoran";;1
"umorstvo";;1
"umreti";;1
"unapred";1;
"uništenje";;1
"unosan";1;
"unovčiti";1;
"uobičajen";1;
"upaljen";;1
"upit";1;
"upitan";;1
"upravljanje";1;
"upravnik";;1
"ushićen";1;
"usiljen";1;
"uspjeti";1;
"usplahiren";;1
"uspomena";1;
"usporen";;1
"uspravan";1;
"uštedjeti";1;
"uvek";1;
"uviti";;1
"uvreda";;1
"uvrnuti";;1
"užas";;1
"užasno";;1
"uzbudljiv";1;
"uznemiravanje";;1
"uznemiravati";;1
"uznemiren";;1
"uznemirujući";;1
"uzrujan";;1
"vajni";;1
"vapijući";;1
"varka";;1
"varvarstvo";;1
"važan";1;
"veličati";1;
"velikodušnost";1;
"venuti";;1
"veselost";1;
"vešt";1;
"viseći";;1
"vječan";1;
"vjeran";1;
"vješt";1;
"vjetar";1;
"vlast";1;
"vlažno";;1
"vođa";1;
"vratašca";1;
"vrebanje";;1
"vrebati";;1
"vrijedan";1;
"zabavan";1;
"zabavno";1;
"zabluda";;1
"zabrinut";;1
"zabrinutost";;1
"zabuna";;1
"začepiti";;1
"zadaviti";;1
"zadirkivanje";;1
"zadržati";;1
"zadužen";1;
"zagaditi";;1
"zagušljiv";;1
"zahtevan";;1
"zajamčiti";1;
"zakupiti";1;
"žalosno";;1
"zaluditi";;1
"zalupiti";;1
"zamagliti";;1
"zamišljen";;1
"zapaljen";;1
"zapleniti";;1
"zaplenjen";;1
"zaplet";;1
"zapovijedati";;1
"zapušten";;1
"zaraza";;1
"zasjeda";;1
"zastava";1;
"zastoj";;1
"zatvorenik";;1
"zauzeti";1;
"zavoditi";;1
"zbijen";;1
"zbor";1;
"zbrka";;1
"zbuniti";;1
"zdravac";1;
"zemaljski";;1
"žestoko";;1
"živa";;1
"živac";1;
"životinjski";;1
"zlo";;1
"zločin";;1
"Zločin";;1
"zlostavljati";;1
"značajan";1;
"znalac";1;
"zreo";1;
"zver";;1
"strana";;1
"stranac";;1
"strašan";;1
"strastveno";1;
"strm";;1
"strpljiv";1;
"stručnost";1;
"struktura";1;
"stupanj";1;
"stvorenje";;1
"sumoran";;1
"sunđer";;1
"supa";1;
"suparnik";;1
"supružnik";1;
"suspendovan";;1
"suvišnost";;1
"svet";1;
"svetilište";1;
"svijetao";1;
"svila";1;
"svinjac";;1
"svirepost";;1
"svjetionik";1;
"talog";;1
"tamnica";;1
"teći";1;
"tepih";;1
"težište";;1
"težnja";1;
"tinjanje";;1
"tiran";;1
"točan";1;
"točnost";1;
"trajan";1;
"trenje";;1
"trik";;1
"trn";;1
"trnovit";;1
"tugovati";;1
"tuš";;1
"tužan";;1
"tužba";;1
"tužitelj";;1
"tvrđava";1;
"ubica";;1
"ublaženje";1;
"udarac";;1
"udaviti";;1
"ugasiti";;1
"ugnjetavanje";;1
"uhvaćen";;1
"ukaz";;1
"uklanjanje";;1
"uklonjen";;1
"ukućanin";;1
"ukusan";1;
"ulepšati";1;
"umetnički";1;
"umjeren";1;
"unaprijediti";1;
"uništiti";;1
"upijen";1;
"upozoriti";;1
"uprljati";;1
"upropašćen";;1
"ušće";;1
"usluga";1;
"uspeh";1;
"ustrajati";1;
"ustupak";;1
"utiskivati";;1
"utrnuo";;1
"uvjerljivo";1;
"uvrnut";;1
"užasan";;1
"uzbuđenost";1;
"uzbuna";;1
"uživati";1;
"vampir";;1
"varvarski";;1
"Veličanstvo";1;
"vernost";1;
"verodostojan";1;
"veteran";1;
"veza";;1
"vidljivo";1;
"viski";;1
"vještica";;1
"vođenje";1;
"voljno";1;
"vreća";;1
"vredan";1;
"vreža";;1
"vrhunac";1;
"vrijeđati";;1
"zaborav";;1
"zaboravljen";;1
"zabraniti";;1
"zabranjen";;1
"začepljen";;1
"začin";1;
"začiniti";1;
"zadesiti";;1
"zadužbina";1;
"zagrliti";1;
"zaista";1;
"zajednički";1;
"zakletva";1;
"zaliv";1;
"zaljubljenost";1;
"žalostan";;1
"zamagljen";;1
"zamišljeno";;1
"zamka";;1
"zamrznuti";;1
"zanosan";1;
"zanovetati";;1
"zao";;1
"zapanjenost";;1
"žar";1;
"zaraditi";1;
"zarđati";;1
"zarobljenik";;1
"zaroniti";1;
"zasladiti";1;
"zaslepljen";;1
"zasnovan";;1
"zaštitnik";1;
"zategnut";;1
"zatvoriti";;1
"zaušnjaci";;1
"zaustaviti";;1
"zaustavljanje";;1
"zavesti";;1
"zavisnost";;1
"zavjet";1;
"zbunjeno";;1
"zdrav";1;
"ždrijebac";1;
"žeđ";;1
"zelenaštvo";;1
"zemljotres";;1
"žena";1;
"zglob";;1
"zgrada";1;
"živica";;1
"zloća";;1
"zlovolja";;1
"zmija";;1
"znamenit";1;
"znatan";1;
"zora";1;
"žustar";1;
"tolerirati";;1
"topuz";;1
"tradicionalan";1;
"trčanje";;1
"trepavica";;1
"trošarina";;1
"trup";;1
"tup";;1
"tužiti";;1
"tvrdoglavost";;1
"ubiti";;1
"ubod";;1
"ubosti";;1
"ucena";;1
"učenje";1;
"učestvovati";1;
"učitelj";1;
"učtivost";1;
"udobnost";1;
"uganuti";;1
"uglađen";1;
"ugled";1;
"ugušiti";;1
"ukočenost";;1
"ukor";;1
"ukraden";;1
"ular";;1
"umanjiti";;1
"umiranje";;1
"umjetnost";1;
"uništavajući";;1
"upad";;1
"upečatljiv";1;
"upetljan";;1
"upornost";1;
"uputstvo";1;
"uraditi";1;
"uredno";1;
"urlati";;1
"usamljen";;1
"uslužan";1;
"uspešan";1;
"uspeti";1;
"uspravno";1;
"usvojiti";1;
"uvjeravati";1;
"uvjeriti";1;
"uzaludno";;1
"uzdržavanje";1;
"uzgoj";1;
"uznemirenost";;1
"vabiti";1;
"večera";1;
"večno";1;
"veličina";1;
"vent";;1
"veran";1;
"veštica";;1
"vetar";1;
"vihor";;1
"vijugav";;1
"vit";1;
"vječnost";1;
"vještina";1;
"vlada";;1
"vlasnički";;1
"vlažan";;1
"vojnik";1;
"vrh";1;
"vrpca";1;
"vruće";1;
"Vuk";;1
"vulgaran";;1
"zabava";1;
"zabaviti";1;
"zabavljati";1;
"zabavljen";1;
"žacnuti";;1
"zadubljen";1;
"zahvaljivanje";1;
"zakonito";1;
"zakrpa";;1
"zalutao";;1
"zamoran";;1
"zamrznut";;1
"zanesenjak";;1
"zanos";1;
"zanosno";1;
"zaostati";;1
"zapovjednik";1;
"zarada";;1
"zarazan";;1
"zaštita";1;
"zatvoren";;1
"zauzet";1;
"zbrkan";;1
"zbunjen";;1
"zdravlje";1;
"zdravo";1;
"žedan";;1
"železnica";;1
"žestok";;1
"zgodan";1;
"zloba";;1
"zločest";;1
"značaj";1;
"znak";;1
"zvijer";;1
"zvučan";1;
"predznak";;1
"pregled";;1
"prekinut";;1
"prekinuti";;1
"preliv";;1
"preljuba";;1
"premjestiti";;1
"preovlađivati";1;
"prepelica";;1
"preporod";1;
"prerušen";;1
"presretan";1;
"preteći";;1
"pretekao";1;
"preterivanje";;1
"pretiti";;1
"pretvarati";;1
"prevara";;1
"prevrnuti";;1
"prezervativ";1;
"prezren";;1
"priča";1;
"prijatelj";1;
"prijava";;1
"prijetnja";;1
"prikriti";;1
"prilagoditi";1;
"prilično";1;
"primat";1;
"primer";1;
"primjeran";1;
"primoran";1;
"pristupačno";1;
"prisustvo";1;
"pritisak";;1
"pritvorenik";;1
"prkosan";;1
"prljavština";;1
"procesija";1;
"promenljiv";1;
"propoved";1;
"prostran";1;
"proterivanje";;1
"protiv";;1
"protivnik";;1
"proučavati";;1
"pruga";;1
"punjenje";1;
"pustoš";;1
"puzati";;1
"radio";1;
"radoznalost";1;
"rana";;1
"raskalašan";;1
"raskoš";;1
"raskošan";1;
"raspadanje";;1
"rast";1;
"rasti";1;
"ratnik";1;
"razbijati";;1
"razbojništvo";;1
"razboritost";1;
"razlikovanje";1;
"razmotati";1;
"razni";;1
"razonoda";1;
"razrađivanje";1;
"razuman";1;
"razumevanje";1;
"razvedriti";1;
"razviti";1;
"razvoditi";1;
"razvrat";;1
"rđa";;1
"rečenica";;1
"rečnik";1;
"renome";1;
"renovirati";1;
"reorganizovati";1;
"revidirati";1;
"revnost";1;
"rezervoar";;1
"rezultat";1;
"ribolov";;1
"rijedak";;1
"riješen";1;
"ritam";1;
"rizičan";;1
"riznica";;1
"rječnik";1;
"rođendan";1;
"romansa";1;
"romantičan";1;
"romantizam";1;
"ručica";;1
"ruženje";;1
"ružnoća";;1
"rvanje";;1
"sadržaj";1;
"samouveren";1;
"saradnja";1;
"sastavni";1;
"satiričan";;1
"savez";1;
"saveznički";1;
"savjestan";1;
"savjet";1;
"sebičan";;1
"silovanje";;1
"simetričan";1;
"simptom";;1
"siromaštvo";;1
"sitnica";;1
"sjediniti";1;
"sjeta";;1
"skandalozan";;1
"sklon";1;
"skupljanje";1;
"slast";1;
"slijepo";;1
"slika";;1
"složiti";1;
"slutnja";;1
"smak";;1
"smrtan";;1
"socijalista";;1
"spekulativan";;1
"spev";;1
"spomenik";1;
"sprečiti";;1
"sramotan";;1
"srdačno";1;
"srećan";1;
"srećno";1;
"sretan";1;
"stabljika";;1
"stalan";1;
"stanovništvo";1;
"starateljstvo";1;
"štednja";1;
"sterilan";;1
"strah";;1
"strast";1;
"strastven";1;
"strateg";1;
"stres";;1
"strpljenje";1;
"sudar";;1
"sudski";1;
"sukob";;1
"sumornost";;1
"suparništvo";;1
"šuplje";;1
"suvišan";;1
"sveštenički";1;
"svetlost";1;
"sveučilište";1;
"svijest";1;
"svodnik";;1
"svojevoljan";;1
"svojstvo";1;
"svrgnuti";;1
"tačan";1;
"tarifa";;1
"tegoba";;1
"temperament";;1
"testo";;1
"tijesan";;1
"tok";1;
"tolerancija";1;
"toranj";1;
"tragičan";;1
"treperenje";;1
"trešnja";1;
"tresti";;1
"trh";;1
"trijumf";1;
"trut";;1
"tuđ";;1
"tvrdoća";;1
"tvrdoglav";;1
"ubitačan";;1
"ubojit";;1
"učenjak";1;
"učešće";1;
"ucjena";;1
"udar";;1
"udubljen";;1
"udvarati";1;
"ugnjetavati";;1
"ugrabiti";;1
"ujedinjen";1;
"ujedinjenje";1;
"ukloniti";;1
"ukrašen";1;
"uljudnost";1;
"umeren";1;
"umetnost";1;
"umiješati";;1
"uobražen";;1
"uobraženost";;1
"upiti";;1
"upoznat";1;
"upravljati";1;
"usled";;1
"ustajao";;1
"ustanak";;1
"ustupiti";;1
"utisak";1;
"utjeha";1;
"utočište";1;
"uveo";;1
"uveren";1;
"uvijeno";;1
"užasnut";;1
"uzdrhtati";;1
"uznemirenje";;1
"užurban";;1
"vatra";;1
"veličanje";1;
"veličanstvenost";1;
"velikodušan";1;
"vera";1;
"verujući";1;
"vešanje";;1
"veselje";1;
"veslo";1;
"vijeće";1;
"vikati";;1
"vince";;1
"virtuozan";1;
"višak";;1
"visak";1;
"vitak";1;
"vrag";;1
"vredno";1;
"vrednost";1;
"vrištanje";;1
"vrištati";;1
"žaba";;1
"zabrana";;1
"zabrinuti";;1
"začinjen";1;
"zadnji";;1
"zadržavati";;1
"zaglibljen";;1
"zagubljen";;1
"zagušiti";;1
"zahvalnost";1;
"zajedljivo";1;
"zakup";1;
"žalfija";1;
"zalog";1;
"zamazan";;1
"zamjenik";;1
"zamorno";;1
"zamršen";;1
"zamućen";;1
"zanešenost";1;
"zanimanje";1;
"zanimljiv";1;
"zaplašen";;1
"zaplijeniti";;1
"zaručnica";1;
"zaseda";;1
"zasjeniti";;1
"zaslužen";1;
"zaštićen";1;
"zastrašiti";;1
"zatišje";;1
"zavera";;1
"zaverenik";;1
"zavođenje";;1
"zdepast";;1
"željan";1;
"zenit";1;
"žensko";1;
"zgrabiti";;1
"živahno";1;
"živopisno";1;
"zjapiti";;1
"zloban";;1
"zlostavljanje";;1
"zloupotreba";;1
"zračiti";1;
"žrtva";;1
"žulj";;1
"zvjerski";;1